Country,Location,Site,Latitude,Longitude,Lat_reg,Quadrat_number,CoralID,Genus,Morpho,Sampling_1,Area_1,Sampling_2,Area_2,Sampling_3,Area_3,Interval_days_12,Interval_days_23
Indonesia,Manado,Buken_Is_West_point,1.62334,124.73323,tropical,1,1,Pocillopora,bushy,6/5/2012,2.46,6/13/2013,0,8/29/2014,0,373,442
Indonesia,Manado,Buken_Is_West_point,1.62334,124.73323,tropical,1,2,Porites,encrusting,6/5/2012,3.72,6/13/2013,11.05,8/29/2014,17.07,373,442
Indonesia,Manado,Buken_Is_West_point,1.62334,124.73323,tropical,1,3,Porites,encrusting,6/5/2012,8.77,6/13/2013,18.44,8/29/2014,22.44,373,442
Indonesia,Manado,Buken_Is_West_point,1.62334,124.73323,tropical,1,4,Acropora,table,6/5/2012,7.3,6/13/2013,12.01,8/29/2014,9.85,373,442
Indonesia,Manado,Buken_Is_West_point,1.62334,124.73323,tropical,1,5,Porites,encrusting,6/5/2012,37.27,6/13/2013,7.86,8/29/2014,23.52,373,442
Indonesia,Manado,Buken_Is_West_point,1.62334,124.73323,tropical,1,6,Favites,encrusting,6/5/2012,82.54,6/13/2013,117.71,8/29/2014,168.15,373,442
Indonesia,Manado,Buken_Is_West_point,1.62334,124.73323,tropical,1,7,Porites,branching,6/5/2012,13.3,6/13/2013,28.01,8/29/2014,40.44,373,442
Indonesia,Manado,Buken_Is_West_point,1.62334,124.73323,tropical,1,8,Porites,branching,6/5/2012,2.42,6/13/2013,14.75,8/29/2014,29.76,373,442
Indonesia,Manado,Buken_Is_West_point,1.62334,124.73323,tropical,1,9,Porites,encrusting,6/5/2012,3.86,6/13/2013,7.61,8/29/2014,7.33,373,442
Indonesia,Manado,Buken_Is_West_point,1.62334,124.73323,tropical,1,10,Acropora,table,6/5/2012,15.83,6/13/2013,11.46,8/29/2014,74.67,373,442
Indonesia,Manado,Buken_Is_West_point,1.62334,124.73323,tropical,1,11,Acropora,branching,6/5/2012,0,6/13/2013,8,8/29/2014,27.43,373,442
Indonesia,Manado,Buken_Is_West_point,1.62334,124.73323,tropical,1,12,Porites,encrusting,6/5/2012,0,6/13/2013,3.46,8/29/2014,10.85,373,442
Indonesia,Manado,Buken_Is_West_point,1.62334,124.73323,tropical,1,13,Porites,encrusting,6/5/2012,0,6/13/2013,1.25,8/29/2014,22.74,373,442
Indonesia,Manado,Buken_Is_West_point,1.62334,124.73323,tropical,1,14,Porites,branching,6/5/2012,0,6/13/2013,5.89,8/29/2014,37.87,373,442
Indonesia,Manado,Buken_Is_West_point,1.62334,124.73323,tropical,2,15,Porites,encrusting,6/5/2012,10.99,6/13/2013,25.59,8/29/2014,47.6,373,442
Indonesia,Manado,Buken_Is_West_point,1.62334,124.73323,tropical,2,16,Porites,encrusting,6/5/2012,0.98,6/13/2013,9.83,8/29/2014,27.26,373,442
Indonesia,Manado,Buken_Is_West_point,1.62334,124.73323,tropical,2,17,Porites,encrusting,6/5/2012,3.52,6/13/2013,4.98,8/29/2014,9.11,373,442
Indonesia,Manado,Buken_Is_West_point,1.62334,124.73323,tropical,2,18,Dipsastraea,encrusting,6/5/2012,3.83,6/13/2013,8.96,8/29/2014,13.34,373,442
Indonesia,Manado,Buken_Is_West_point,1.62334,124.73323,tropical,2,19,Dipsastraea,encrusting,6/5/2012,2,6/13/2013,6.97,8/29/2014,17.52,373,442
Indonesia,Manado,Buken_Is_West_point,1.62334,124.73323,tropical,2,20,Porites,encrusting,6/5/2012,4.25,6/13/2013,9.87,8/29/2014,21.84,373,442
Indonesia,Manado,Buken_Is_West_point,1.62334,124.73323,tropical,2,21,Porites,branching,6/5/2012,4.43,6/13/2013,0,8/29/2014,0,373,442
Indonesia,Manado,Buken_Is_West_point,1.62334,124.73323,tropical,2,22,Dipsastraea,encrusting,6/5/2012,0,6/13/2013,1.24,8/29/2014,3.32,373,442
Indonesia,Manado,Buken_Is_West_point,1.62334,124.73323,tropical,2,23,Dipsastraea,encrusting,6/5/2012,0,6/13/2013,1.56,8/29/2014,4.08,373,442
Indonesia,Manado,Buken_Is_West_point,1.62334,124.73323,tropical,3,24,Favites,encrusting,6/5/2012,11.57,6/13/2013,21.25,8/29/2014,34.37,373,442
Indonesia,Manado,Buken_Is_West_point,1.62334,124.73323,tropical,3,25,Porites,encrusting,6/5/2012,1.02,6/13/2013,4.36,8/29/2014,14.79,373,442
Indonesia,Manado,Buken_Is_West_point,1.62334,124.73323,tropical,3,26,Porites,encrusting,6/5/2012,4.43,6/13/2013,8.92,8/29/2014,26.29,373,442
Indonesia,Manado,Buken_Is_West_point,1.62334,124.73323,tropical,3,27,Favites,encrusting,6/5/2012,4.48,6/13/2013,9.78,8/29/2014,11.68,373,442
Indonesia,Manado,Buken_Is_West_point,1.62334,124.73323,tropical,3,28,Porites,encrusting,6/5/2012,1.47,6/13/2013,0,8/29/2014,0,373,442
Indonesia,Manado,Buken_Is_West_point,1.62334,124.73323,tropical,3,29,Porites,encrusting,6/5/2012,4.06,6/13/2013,9.51,8/29/2014,23,373,442
Indonesia,Manado,Buken_Is_West_point,1.62334,124.73323,tropical,3,30,Porites,encrusting,6/5/2012,2.78,6/13/2013,9.02,8/29/2014,21,373,442
Indonesia,Manado,Buken_Is_West_point,1.62334,124.73323,tropical,3,31,Porites,encrusting,6/5/2012,1.04,6/13/2013,4.95,8/29/2014,8.04,373,442
Indonesia,Manado,Buken_Is_West_point,1.62334,124.73323,tropical,3,32,Porites,encrusting,6/5/2012,11.16,6/13/2013,36.69,8/29/2014,47.96,373,442
Indonesia,Manado,Buken_Is_West_point,1.62334,124.73323,tropical,3,33,Porites,encrusting,6/5/2012,9.62,6/13/2013,14.2,8/29/2014,34.91,373,442
Indonesia,Manado,Buken_Is_West_point,1.62334,124.73323,tropical,3,34,Porites,encrusting,6/5/2012,1.04,6/13/2013,0,8/29/2014,0,373,442
Indonesia,Manado,Buken_Is_West_point,1.62334,124.73323,tropical,3,35,Porites,encrusting,6/5/2012,0,6/13/2013,3.59,8/29/2014,10.24,373,442
Indonesia,Manado,Buken_Is_West_point,1.62334,124.73323,tropical,3,36,Porites,encrusting,6/5/2012,0,6/13/2013,5.31,8/29/2014,8.78,373,442
Indonesia,Manado,Buken_Is_West_point,1.62334,124.73323,tropical,3,37,Porites,encrusting,6/5/2012,0,6/13/2013,1.17,8/29/2014,5.67,373,442
Indonesia,Manado,Buken_Is_West_point,1.62334,124.73323,tropical,3,38,Porites,encrusting,6/5/2012,0,6/13/2013,15.59,8/29/2014,45.18,373,442
Indonesia,Manado,Buken_Is_West_point,1.62334,124.73323,tropical,4,39,Porites,encrusting,6/5/2012,10.8,6/13/2013,33.03,8/29/2014,53.04,373,442
Indonesia,Manado,Buken_Is_West_point,1.62334,124.73323,tropical,4,40,Porites,encrusting,6/5/2012,3.63,6/13/2013,16.37,8/29/2014,39.89,373,442
Indonesia,Manado,Buken_Is_West_point,1.62334,124.73323,tropical,4,41,Dipsastraea,encrusting,6/5/2012,2.33,6/13/2013,5.56,8/29/2014,10.49,373,442
Indonesia,Manado,Buken_Is_West_point,1.62334,124.73323,tropical,4,42,Porites,massive,6/5/2012,18,6/13/2013,9.77,8/29/2014,0,373,442
Indonesia,Manado,Buken_Is_West_point,1.62334,124.73323,tropical,4,43,Pocillopora,bushy,6/5/2012,3.06,6/13/2013,0,8/29/2014,0,373,442
Indonesia,Manado,Buken_Is_West_point,1.62334,124.73323,tropical,4,44,Pocillopora,bushy,6/5/2012,5.82,6/13/2013,0,8/29/2014,0,373,442
Indonesia,Manado,Buken_Is_West_point,1.62334,124.73323,tropical,4,45,Pocillopora,bushy,6/5/2012,3.18,6/13/2013,0,8/29/2014,0,373,442
Indonesia,Manado,Buken_Is_West_point,1.62334,124.73323,tropical,4,46,Acropora,table,6/5/2012,0,6/13/2013,6.89,8/29/2014,0,373,442
Indonesia,Manado,Buken_Is_West_point,1.62334,124.73323,tropical,4,47,Porites,branching,6/5/2012,0,6/13/2013,2.22,8/29/2014,5.82,373,442
Indonesia,Manado,Buken_Is_West_point,1.62334,124.73323,tropical,4,48,Favites,encrusting,6/5/2012,0,6/13/2013,1.67,8/29/2014,3.88,373,442
Indonesia,Manado,Buken_Is_West_point,1.62334,124.73323,tropical,5,49,Dipsastraea,encrusting,6/5/2012,7.01,6/13/2013,15.2,8/29/2014,15.84,373,442
Indonesia,Manado,Buken_Is_West_point,1.62334,124.73323,tropical,5,50,Dipsastraea,encrusting,6/5/2012,0.82,6/13/2013,0,8/29/2014,0,373,442
Indonesia,Manado,Buken_Is_West_point,1.62334,124.73323,tropical,5,51,Porites,encrusting,6/5/2012,4.66,6/13/2013,5.53,8/29/2014,0,373,442
Indonesia,Manado,Buken_Is_West_point,1.62334,124.73323,tropical,5,52,Porites,encrusting,6/5/2012,7.28,6/13/2013,10.62,8/29/2014,12.88,373,442
Indonesia,Manado,Buken_Is_West_point,1.62334,124.73323,tropical,5,53,Porites,encrusting,6/5/2012,11.65,6/13/2013,10.99,8/29/2014,12.16,373,442
Indonesia,Manado,Buken_Is_West_point,1.62334,124.73323,tropical,5,54,Porites,encrusting,6/5/2012,7.43,6/13/2013,0,8/29/2014,0,373,442
Indonesia,Manado,Buken_Is_West_point,1.62334,124.73323,tropical,5,55,Dipsastraea,encrusting,6/5/2012,0,6/13/2013,3.92,8/29/2014,6.88,373,442
Indonesia,Manado,Buken_Is_West_point,1.62334,124.73323,tropical,5,56,Favites,encrusting,6/5/2012,0,6/13/2013,2.05,8/29/2014,3.88,373,442
Indonesia,Manado,Buken_Is_West_point,1.62334,124.73323,tropical,5,57,Porites,encrusting,6/5/2012,0,6/13/2013,5.69,8/29/2014,0,373,442
Indonesia,Manado,Buken_Is_West_point,1.62334,124.73323,tropical,5,58,Pocillopora,bushy,6/5/2012,0,6/13/2013,0,8/29/2014,7.01,373,442
Indonesia,Manado,Buken_Is_West_point,1.62334,124.73323,tropical,6,59,Porites,encrusting,6/5/2012,2.34,6/13/2013,6.75,8/29/2014,12,373,442
Indonesia,Manado,Buken_Is_West_point,1.62334,124.73323,tropical,6,60,Porites,encrusting,6/5/2012,5.48,6/13/2013,13.9,8/29/2014,22.38,373,442
Indonesia,Manado,Buken_Is_West_point,1.62334,124.73323,tropical,6,61,Porites,encrusting,6/5/2012,5.64,6/13/2013,14.73,8/29/2014,32.26,373,442
Indonesia,Manado,Buken_Is_West_point,1.62334,124.73323,tropical,6,62,Porites,encrusting,6/5/2012,2.18,6/13/2013,7.81,8/29/2014,12.71,373,442
Indonesia,Manado,Buken_Is_West_point,1.62334,124.73323,tropical,6,63,Porites,encrusting,6/5/2012,1.38,6/13/2013,5.01,8/29/2014,6.42,373,442
Indonesia,Manado,Buken_Is_West_point,1.62334,124.73323,tropical,6,64,Porites,encrusting,6/5/2012,3.53,6/13/2013,6.73,8/29/2014,8.92,373,442
Indonesia,Manado,Buken_Is_West_point,1.62334,124.73323,tropical,6,65,Favites,encrusting,6/5/2012,11.72,6/13/2013,0,8/29/2014,0,373,442
Indonesia,Manado,Buken_Is_West_point,1.62334,124.73323,tropical,8,66,Acropora,table,6/5/2012,33.72,6/13/2013,48.01,8/29/2014,84.85,373,442
Indonesia,Manado,Buken_Is_West_point,1.62334,124.73323,tropical,8,67,Porites,encrusting,6/5/2012,9.55,6/13/2013,9.82,8/29/2014,18.72,373,442
Indonesia,Manado,Buken_Is_West_point,1.62334,124.73323,tropical,8,68,Favites,encrusting,6/5/2012,4.79,6/13/2013,11.94,8/29/2014,23.22,373,442
Indonesia,Manado,Buken_Is_West_point,1.62334,124.73323,tropical,8,69,Favites,encrusting,6/5/2012,0.88,6/13/2013,3.2,8/29/2014,6.99,373,442
Indonesia,Manado,Buken_Is_West_point,1.62334,124.73323,tropical,8,70,Favites,encrusting,6/5/2012,1.09,6/13/2013,1.68,8/29/2014,2.04,373,442
Indonesia,Manado,Buken_Is_West_point,1.62334,124.73323,tropical,8,71,Favites,encrusting,6/5/2012,1.62,6/13/2013,2.19,8/29/2014,17.81,373,442
Indonesia,Manado,Buken_Is_West_point,1.62334,124.73323,tropical,8,72,Favites,encrusting,6/5/2012,2.76,6/13/2013,6.26,8/29/2014,8.65,373,442
Indonesia,Manado,Buken_Is_West_point,1.62334,124.73323,tropical,8,73,Porites,encrusting,6/5/2012,4.74,6/13/2013,13.57,8/29/2014,19.32,373,442
Indonesia,Manado,Buken_Is_West_point,1.62334,124.73323,tropical,8,74,Pocillopora,bushy,6/5/2012,9.25,6/13/2013,0,8/29/2014,0,373,442
Indonesia,Manado,Buken_Is_West_point,1.62334,124.73323,tropical,8,75,Favites,encrusting,6/5/2012,0,6/13/2013,5.45,8/29/2014,9.63,373,442
Indonesia,Manado,Buken_Is_West_point,1.62334,124.73323,tropical,15,76,Porites,massive,6/5/2012,9.41,6/13/2013,10.51,8/29/2014,11.36,373,442
Indonesia,Manado,Buken_Is_West_point,1.62334,124.73323,tropical,15,77,Porites,massive,6/5/2012,159.6,6/13/2013,160.23,8/29/2014,146.75,373,442
Indonesia,Manado,Buken_Is_West_point,1.62334,124.73323,tropical,15,78,Favites,encrusting,6/5/2012,19.88,6/13/2013,35.73,8/29/2014,70.61,373,442
Indonesia,Manado,Buken_Is_West_point,1.62334,124.73323,tropical,15,79,Favites,encrusting,6/5/2012,4.87,6/13/2013,4.88,8/29/2014,12.5,373,442
Indonesia,Manado,Buken_Is_West_point,1.62334,124.73323,tropical,15,80,Favites,encrusting,6/5/2012,22.02,6/13/2013,33.65,8/29/2014,47.86,373,442
Indonesia,Manado,Buken_Is_West_point,1.62334,124.73323,tropical,15,81,Porites,encrusting,6/5/2012,13.75,6/13/2013,2.66,8/29/2014,0,373,442
Indonesia,Manado,Buken_Is_West_point,1.62334,124.73323,tropical,15,82,Porites,branching,6/5/2012,0,6/13/2013,12.6,8/29/2014,73.47,373,442
Indonesia,Manado,Buken_Is_West_point,1.62334,124.73323,tropical,15,83,Porites,encrusting,6/5/2012,0,6/13/2013,2.62,8/29/2014,6.37,373,442
Indonesia,Manado,Buken_Is_West_point,1.62334,124.73323,tropical,15,84,Porites,encrusting,6/5/2012,0,6/13/2013,3.77,8/29/2014,14.3,373,442
Indonesia,Manado,Buken_Is_West_point,1.62334,124.73323,tropical,16,85,Favites,encrusting,6/5/2012,5.34,6/13/2013,11.19,8/29/2014,16.22,373,442
Indonesia,Manado,Buken_Is_West_point,1.62334,124.73323,tropical,16,86,Porites,branching,6/5/2012,9.23,6/13/2013,15.14,8/29/2014,0,373,442
Indonesia,Manado,Buken_Is_West_point,1.62334,124.73323,tropical,16,87,Porites,encrusting,6/5/2012,0,6/13/2013,18.29,8/29/2014,101.74,373,442
Indonesia,Manado,Buken_Is_West_point,1.62334,124.73323,tropical,17,88,Porites,encrusting,6/5/2012,131.21,6/13/2013,153.92,8/29/2014,248.1,373,442
Indonesia,Manado,Buken_Is_West_point,1.62334,124.73323,tropical,17,89,Favites,encrusting,6/5/2012,8.73,6/13/2013,15.2,8/29/2014,20.15,373,442
Indonesia,Manado,Buken_Is_West_point,1.62334,124.73323,tropical,17,90,Favites,encrusting,6/5/2012,29.79,6/13/2013,28.58,8/29/2014,37.84,373,442
Indonesia,Manado,Buken_Is_West_point,1.62334,124.73323,tropical,17,91,Porites,encrusting,6/5/2012,2.99,6/13/2013,5.22,8/29/2014,9.93,373,442
Indonesia,Manado,Buken_Is_West_point,1.62334,124.73323,tropical,17,92,Dipsastraea,encrusting,6/5/2012,23.58,6/13/2013,27,8/29/2014,34,373,442
Indonesia,Manado,Buken_Is_West_point,1.62334,124.73323,tropical,17,93,Porites,encrusting,6/5/2012,6.96,6/13/2013,0,8/29/2014,0,373,442
Indonesia,Manado,Buken_Is_West_point,1.62334,124.73323,tropical,17,94,Favites,encrusting,6/5/2012,3.94,6/13/2013,8.31,8/29/2014,9.23,373,442
Indonesia,Manado,Buken_Is_West_point,1.62334,124.73323,tropical,17,95,Favites,encrusting,6/5/2012,1.33,6/13/2013,2.57,8/29/2014,4.77,373,442
Indonesia,Manado,Buken_Is_West_point,1.62334,124.73323,tropical,17,96,Favites,encrusting,6/5/2012,3.42,6/13/2013,9.84,8/29/2014,14.37,373,442
Indonesia,Manado,Buken_Is_West_point,1.62334,124.73323,tropical,17,97,Favites,encrusting,6/5/2012,23.11,6/13/2013,24.33,8/29/2014,14.51,373,442
Indonesia,Manado,Buken_Is_West_point,1.62334,124.73323,tropical,17,98,Favites,encrusting,6/5/2012,9.98,6/13/2013,12.38,8/29/2014,16.5,373,442
Indonesia,Manado,Buken_Is_West_point,1.62334,124.73323,tropical,17,99,Porites,encrusting,6/5/2012,19.11,6/13/2013,24.67,8/29/2014,35.82,373,442
Indonesia,Manado,Buken_Is_West_point,1.62334,124.73323,tropical,17,100,Porites,encrusting,6/5/2012,0,6/13/2013,14.87,8/29/2014,20.94,373,442
Indonesia,Manado,Buken_Is_West_point,1.62334,124.73323,tropical,17,101,Porites,encrusting,6/5/2012,0,6/13/2013,4.18,8/29/2014,10.03,373,442
Indonesia,Manado,Buken_Is_West_point,1.62334,124.73323,tropical,17,102,Favites,encrusting,6/5/2012,0,6/13/2013,4.49,8/29/2014,13.71,373,442
Indonesia,Manado,Buken_Is_West_point,1.62334,124.73323,tropical,18,103,Porites,encrusting,6/5/2012,21.28,6/13/2013,104.94,8/29/2014,157.07,373,442
Indonesia,Manado,Buken_Is_West_point,1.62334,124.73323,tropical,18,104,Porites,encrusting,6/5/2012,53.34,6/13/2013,0,8/29/2014,0,373,442
Indonesia,Manado,Buken_Is_West_point,1.62334,124.73323,tropical,18,105,Porites,branching,6/5/2012,9.89,6/13/2013,17.5,8/29/2014,57.27,373,442
Indonesia,Manado,Buken_Is_West_point,1.62334,124.73323,tropical,18,106,Favites,encrusting,6/5/2012,5.54,6/13/2013,14.96,8/29/2014,29.98,373,442
Indonesia,Manado,Buken_Is_West_point,1.62334,124.73323,tropical,18,107,Favites,encrusting,6/5/2012,11.66,6/13/2013,24.51,8/29/2014,37.77,373,442
Indonesia,Manado,Buken_Is_West_point,1.62334,124.73323,tropical,18,108,Favites,encrusting,6/5/2012,5.9,6/13/2013,14.91,8/29/2014,14.06,373,442
Indonesia,Manado,Buken_Is_West_point,1.62334,124.73323,tropical,18,109,Porites,encrusting,6/5/2012,19.52,6/13/2013,31.16,8/29/2014,33.53,373,442
Indonesia,Manado,Buken_Is_West_point,1.62334,124.73323,tropical,18,110,Dipsastraea,encrusting,6/5/2012,10.36,6/13/2013,29.98,8/29/2014,34.85,373,442
Indonesia,Manado,Buken_Is_West_point,1.62334,124.73323,tropical,18,111,Porites,encrusting,6/5/2012,32.55,6/13/2013,29.64,8/29/2014,17.24,373,442
Indonesia,Manado,Buken_Is_West_point,1.62334,124.73323,tropical,18,112,Favites,encrusting,6/5/2012,14.66,6/13/2013,23.15,8/29/2014,34.85,373,442
Indonesia,Manado,Buken_Is_West_point,1.62334,124.73323,tropical,18,113,Dipsastraea,encrusting,6/5/2012,0,6/13/2013,2.61,8/29/2014,8.54,373,442
Indonesia,Manado,Buken_Is_West_point,1.62334,124.73323,tropical,18,114,Porites,encrusting,6/5/2012,0,6/13/2013,14.12,8/29/2014,34.35,373,442
Indonesia,Manado,Buken_Is_West_point,1.62334,124.73323,tropical,19,115,Dipsastraea,encrusting,6/5/2012,2.93,6/13/2013,2.2,8/29/2014,4.03,373,442
Indonesia,Manado,Buken_Is_West_point,1.62334,124.73323,tropical,19,116,Dipsastraea,encrusting,6/5/2012,3.27,6/13/2013,3.6,8/29/2014,4.6,373,442
Indonesia,Manado,Buken_Is_West_point,1.62334,124.73323,tropical,19,117,Favites,encrusting,6/5/2012,30.82,6/13/2013,40.03,8/29/2014,63.65,373,442
Indonesia,Manado,Buken_Is_West_point,1.62334,124.73323,tropical,19,118,Porites,encrusting,6/5/2012,64.21,6/13/2013,98.3,8/29/2014,90.49,373,442
Indonesia,Manado,Buken_Is_West_point,1.62334,124.73323,tropical,19,119,Favites,encrusting,6/5/2012,2.97,6/13/2013,2.68,8/29/2014,10.25,373,442
Indonesia,Manado,Buken_Is_West_point,1.62334,124.73323,tropical,20,120,Porites,massive,6/5/2012,72.65,6/13/2013,108.87,8/29/2014,114.26,373,442
Indonesia,Manado,Buken_Is_West_point,1.62334,124.73323,tropical,20,121,Favites,encrusting,6/5/2012,6,6/13/2013,12.56,8/29/2014,4.12,373,442
Indonesia,Manado,Buken_Is_West_point,1.62334,124.73323,tropical,20,122,Favites,encrusting,6/5/2012,7.31,6/13/2013,16.57,8/29/2014,25.91,373,442
Indonesia,Manado,Buken_Is_West_point,1.62334,124.73323,tropical,20,123,Porites,massive,6/5/2012,100.95,6/13/2013,0,8/29/2014,0,373,442
Indonesia,Manado,Buken_Is_West_point,1.62334,124.73323,tropical,20,124,Acropora,corymbose,6/5/2012,15.62,6/13/2013,0,8/29/2014,0,373,442
Indonesia,Manado,Buken_Is_West_point,1.62334,124.73323,tropical,20,125,Pocillopora,bushy,6/5/2012,15.71,6/13/2013,0,8/29/2014,0,373,442
Indonesia,Manado,Buken_Is_West_point,1.62334,124.73323,tropical,21,126,Porites,encrusting,6/5/2012,5.27,6/13/2013,20.3,8/29/2014,25.79,373,442
Indonesia,Manado,Buken_Is_West_point,1.62334,124.73323,tropical,21,127,Porites,encrusting,6/5/2012,3.39,6/13/2013,8.71,8/29/2014,12.3,373,442
Indonesia,Manado,Buken_Is_West_point,1.62334,124.73323,tropical,21,128,Porites,encrusting,6/5/2012,8.47,6/13/2013,20.36,8/29/2014,22.84,373,442
Indonesia,Manado,Buken_Is_West_point,1.62334,124.73323,tropical,21,129,Dipsastraea,encrusting,6/5/2012,12.64,6/13/2013,19.03,8/29/2014,21,373,442
Indonesia,Manado,Buken_Is_West_point,1.62334,124.73323,tropical,21,130,Dipsastraea,encrusting,6/5/2012,10.87,6/13/2013,15.69,8/29/2014,14.95,373,442
Indonesia,Manado,Buken_Is_West_point,1.62334,124.73323,tropical,21,131,Dipsastraea,encrusting,6/5/2012,9.07,6/13/2013,14.21,8/29/2014,13.03,373,442
Indonesia,Manado,Buken_Is_West_point,1.62334,124.73323,tropical,21,132,Acropora,corymbose,6/5/2012,6.75,6/13/2013,0,8/29/2014,0,373,442
Indonesia,Manado,Buken_Is_West_point,1.62334,124.73323,tropical,22,133,Porites,branching,6/5/2012,9.29,6/13/2013,0,8/29/2014,0,373,442
Indonesia,Manado,Buken_Is_West_point,1.62334,124.73323,tropical,22,134,Acropora,corymbose,6/5/2012,7.29,6/13/2013,0,8/29/2014,0,373,442
Indonesia,Manado,Buken_Is_West_point,1.62334,124.73323,tropical,22,135,Acropora,corymbose,6/5/2012,24.08,6/13/2013,0,8/29/2014,0,373,442
Indonesia,Manado,Buken_Is_West_point,1.62334,124.73323,tropical,22,136,Acropora,corymbose,6/5/2012,4.73,6/13/2013,0,8/29/2014,0,373,442
Indonesia,Manado,Buken_Is_West_point,1.62334,124.73323,tropical,22,137,Porites,encrusting,6/5/2012,0,6/13/2013,15.69,8/29/2014,21.29,373,442
Indonesia,Manado,Buken_Is_West_point,1.62334,124.73323,tropical,22,138,Porites,encrusting,6/5/2012,0,6/13/2013,12.2,8/29/2014,14.12,373,442
Indonesia,Manado,Buken_Is_West_point,1.62334,124.73323,tropical,23,139,Dipsastraea,encrusting,6/5/2012,5.08,6/13/2013,10,8/29/2014,11.72,373,442
Indonesia,Manado,Buken_Is_West_point,1.62334,124.73323,tropical,23,140,Acropora,corymbose,6/5/2012,12.32,6/13/2013,0,8/29/2014,0,373,442
Indonesia,Manado,Buken_Is_West_point,1.62334,124.73323,tropical,23,141,Favites,encrusting,6/5/2012,9.66,6/13/2013,1.91,8/29/2014,0,373,442
Indonesia,Manado,Buken_Is_West_point,1.62334,124.73323,tropical,23,142,Favites,encrusting,6/5/2012,0,6/13/2013,1.27,8/29/2014,0,373,442
Indonesia,Manado,Buken_Is_West_point,1.62334,124.73323,tropical,24,143,Porites,massive,6/5/2012,106.89,6/13/2013,126.92,8/29/2014,163.68,373,442
Indonesia,Manado,Buken_Is_West_point,1.62334,124.73323,tropical,24,144,Porites,encrusting,6/5/2012,45.89,6/13/2013,81.11,8/29/2014,91.72,373,442
Indonesia,Manado,Buken_Is_West_point,1.62334,124.73323,tropical,24,145,Dipsastraea,encrusting,6/5/2012,0.79,6/13/2013,0,8/29/2014,0,373,442
Indonesia,Manado,Buken_Is_West_point,1.62334,124.73323,tropical,24,146,Porites,encrusting,6/5/2012,3.27,6/13/2013,12.32,8/29/2014,13.65,373,442
Indonesia,Manado,Buken_Is_West_point,1.62334,124.73323,tropical,24,147,Favites,encrusting,6/5/2012,22.81,6/13/2013,0,8/29/2014,0,373,442
Indonesia,Manado,Buken_Is_West_point,1.62334,124.73323,tropical,24,148,Dipsastraea,encrusting,6/5/2012,0,6/13/2013,4.04,8/29/2014,13.52,373,442
Indonesia,Manado,Buken_Is_West_point,1.62334,124.73323,tropical,25,149,Porites,encrusting,6/5/2012,156.9,6/13/2013,222.87,8/29/2014,171.43,373,442
Indonesia,Manado,Buken_Is_West_point,1.62334,124.73323,tropical,25,150,Porites,encrusting,6/5/2012,14.58,6/13/2013,23.6,8/29/2014,31.17,373,442
Indonesia,Manado,Buken_Is_West_point,1.62334,124.73323,tropical,25,151,Dipsastraea,encrusting,6/5/2012,5.12,6/13/2013,17.16,8/29/2014,32.56,373,442
Indonesia,Manado,Buken_Is_West_point,1.62334,124.73323,tropical,25,152,Porites,encrusting,6/5/2012,0,6/13/2013,5.26,8/29/2014,16.24,373,442
Indonesia,Manado,Buken_Is_West_point,1.62334,124.73323,tropical,26,153,Favites,encrusting,6/5/2012,4.95,6/13/2013,9.45,8/29/2014,17.38,373,442
Indonesia,Manado,Buken_Is_West_point,1.62334,124.73323,tropical,26,154,Porites,encrusting,6/5/2012,2.22,6/13/2013,0,8/29/2014,0,373,442
Indonesia,Manado,Buken_Is_West_point,1.62334,124.73323,tropical,26,155,Dipsastraea,encrusting,6/5/2012,29.2,6/13/2013,38.08,8/29/2014,53.41,373,442
Indonesia,Manado,Buken_Is_West_point,1.62334,124.73323,tropical,26,156,Dipsastraea,encrusting,6/5/2012,11.32,6/13/2013,16.94,8/29/2014,0,373,442
Indonesia,Manado,Buken_Is_West_point,1.62334,124.73323,tropical,26,157,Favites,encrusting,6/5/2012,4.07,6/13/2013,0,8/29/2014,0,373,442
Indonesia,Manado,Buken_Is_West_point,1.62334,124.73323,tropical,26,158,Porites,encrusting,6/5/2012,0,6/13/2013,11.99,8/29/2014,26.55,373,442
Indonesia,Manado,Buken_Is_West_point,1.62334,124.73323,tropical,27,159,Favites,encrusting,6/5/2012,4.17,6/13/2013,11.7,8/29/2014,17.85,373,442
Indonesia,Manado,Buken_Is_West_point,1.62334,124.73323,tropical,27,160,Dipsastraea,encrusting,6/5/2012,0.93,6/13/2013,3.6,8/29/2014,6.87,373,442
Indonesia,Manado,Buken_Is_West_point,1.62334,124.73323,tropical,27,161,Dipsastraea,encrusting,6/5/2012,3.29,6/13/2013,7.42,8/29/2014,13.81,373,442
Indonesia,Manado,Buken_Is_West_point,1.62334,124.73323,tropical,27,162,Porites,encrusting,6/5/2012,2.34,6/13/2013,0,8/29/2014,0,373,442
Indonesia,Manado,Buken_Is_West_point,1.62334,124.73323,tropical,27,163,Porites,encrusting,6/5/2012,0,6/13/2013,2.92,8/29/2014,7.9,373,442
Indonesia,Manado,Buken_Is_West_point,1.62334,124.73323,tropical,27,164,Porites,encrusting,6/5/2012,0,6/13/2013,2.87,8/29/2014,5.28,373,442
Indonesia,Manado,Buken_Is_West_point,1.62334,124.73323,tropical,27,165,Porites,encrusting,6/5/2012,0,6/13/2013,0,8/29/2014,7.3,373,442
Indonesia,Manado,Buken_Is_West_point,1.62334,124.73323,tropical,28,166,Porites,encrusting,6/5/2012,5.93,6/13/2013,20.78,8/29/2014,36.88,373,442
Indonesia,Manado,Buken_Is_West_point,1.62334,124.73323,tropical,28,167,Favites,encrusting,6/5/2012,6.77,6/13/2013,22.6,8/29/2014,20.03,373,442
Indonesia,Manado,Buken_Is_West_point,1.62334,124.73323,tropical,28,168,Pocillopora,bushy,6/5/2012,281.74,6/13/2013,272.68,8/29/2014,165.56,373,442
Indonesia,Manado,Buken_Is_West_point,1.62334,124.73323,tropical,28,169,Dipsastraea,encrusting,6/5/2012,14.09,6/13/2013,6.89,8/29/2014,31.91,373,442
Indonesia,Manado,Buken_Is_West_point,1.62334,124.73323,tropical,28,170,Porites,branching,6/5/2012,0,6/13/2013,1.86,8/29/2014,13.35,373,442
Indonesia,Manado,Buken_Is_West_point,1.62334,124.73323,tropical,28,171,Pocillopora,bushy,6/5/2012,0,6/13/2013,2.46,8/29/2014,14.47,373,442
Indonesia,Manado,Buken_Is_West_point,1.62334,124.73323,tropical,28,172,Porites,branching,6/5/2012,0,6/13/2013,0,8/29/2014,35.39,373,442
Indonesia,Manado,Buken_Is_West_point,1.62334,124.73323,tropical,28,173,Pocillopora,bushy,6/5/2012,0,6/13/2013,0,8/29/2014,7.54,373,442
Indonesia,Manado,Buken_Is_West_point,1.62334,124.73323,tropical,29,174,Porites,encrusting,6/5/2012,28.96,6/13/2013,45.86,8/29/2014,53.37,373,442
Indonesia,Manado,Buken_Is_West_point,1.62334,124.73323,tropical,29,175,Porites,branching,6/5/2012,10.09,6/13/2013,13.93,8/29/2014,42,373,442
Indonesia,Manado,Buken_Is_West_point,1.62334,124.73323,tropical,29,176,Porites,branching,6/5/2012,7.96,6/13/2013,0,8/29/2014,0,373,442
Indonesia,Manado,Buken_Is_West_point,1.62334,124.73323,tropical,30,177,Dipsastraea,encrusting,6/5/2012,39.68,6/13/2013,43.86,8/29/2014,54.55,373,442
Indonesia,Manado,Buken_Is_West_point,1.62334,124.73323,tropical,30,178,Porites,encrusting,6/5/2012,3.83,6/13/2013,6.56,8/29/2014,14.82,373,442
Indonesia,Manado,Buken_Is_West_point,1.62334,124.73323,tropical,31,179,Porites,encrusting,6/5/2012,38.47,6/13/2013,65.27,8/29/2014,86.07,373,442
Indonesia,Manado,Buken_Is_West_point,1.62334,124.73323,tropical,31,180,Favites,encrusting,6/5/2012,7.96,6/13/2013,7.45,8/29/2014,0,373,442
Indonesia,Manado,Buken_Is_West_point,1.62334,124.73323,tropical,31,181,Acropora,corymbose,6/5/2012,16.25,6/13/2013,0,8/29/2014,0,373,442
Indonesia,Manado,Buken_Is_West_point,1.62334,124.73323,tropical,31,182,Pocillopora,bushy,6/5/2012,0,6/13/2013,4.12,8/29/2014,10.75,373,442
Indonesia,Manado,Buken_Is_West_point,1.62334,124.73323,tropical,31,183,Favites,encrusting,6/5/2012,0,6/13/2013,0,8/29/2014,6.55,373,442
Indonesia,Manado,Buken_Is_West_point,1.62334,124.73323,tropical,32,184,Porites,encrusting,6/5/2012,33.01,6/13/2013,31.67,8/29/2014,54.02,373,442
Indonesia,Manado,Buken_Is_West_point,1.62334,124.73323,tropical,32,185,Porites,encrusting,6/5/2012,23.61,6/13/2013,41.38,8/29/2014,64.67,373,442
Indonesia,Manado,Buken_Is_West_point,1.62334,124.73323,tropical,32,186,Favites,encrusting,6/5/2012,2.81,6/13/2013,2.64,8/29/2014,8.81,373,442
Indonesia,Manado,Buken_Is_West_point,1.62334,124.73323,tropical,32,187,Dipsastraea,encrusting,6/5/2012,16.14,6/13/2013,25.03,8/29/2014,36.9,373,442
Indonesia,Manado,Buken_Is_West_point,1.62334,124.73323,tropical,32,188,Favites,encrusting,6/5/2012,4.29,6/13/2013,16.7,8/29/2014,24.59,373,442
Indonesia,Manado,Buken_Is_West_point,1.62334,124.73323,tropical,36,189,Dipsastraea,encrusting,6/5/2012,8.35,6/13/2013,15.57,8/29/2014,0,373,442
Indonesia,Manado,Buken_Is_West_point,1.62334,124.73323,tropical,36,190,Porites,branching,6/5/2012,0,6/13/2013,9.92,8/29/2014,16.2,373,442
Indonesia,Manado,Buken_Is_West_point,1.62334,124.73323,tropical,37,191,Porites,encrusting,6/5/2012,5.83,6/13/2013,11.15,8/29/2014,6.17,373,442
Indonesia,Manado,Buken_Is_West_point,1.62334,124.73323,tropical,37,192,Porites,encrusting,6/5/2012,6.85,6/13/2013,24.47,8/29/2014,31.34,373,442
Indonesia,Manado,Buken_Is_West_point,1.62334,124.73323,tropical,37,193,Porites,encrusting,6/5/2012,7.37,6/13/2013,0,8/29/2014,0,373,442
Indonesia,Manado,Buken_Is_West_point,1.62334,124.73323,tropical,37,194,Dipsastraea,encrusting,6/5/2012,6.76,6/13/2013,10.42,8/29/2014,15.65,373,442
Indonesia,Manado,Buken_Is_West_point,1.62334,124.73323,tropical,37,195,Dipsastraea,encrusting,6/5/2012,6.95,6/13/2013,6.81,8/29/2014,2.93,373,442
Indonesia,Manado,Buken_Is_West_point,1.62334,124.73323,tropical,37,196,Porites,encrusting,6/5/2012,0,6/13/2013,8.32,8/29/2014,9.81,373,442
Indonesia,Manado,Buken_Is_West_point,1.62334,124.73323,tropical,40,197,Porites,encrusting,6/5/2012,1.37,6/13/2013,7.91,8/29/2014,8.6,373,442
Indonesia,Manado,Buken_Is_West_point,1.62334,124.73323,tropical,40,198,Favites,encrusting,6/5/2012,3.5,6/13/2013,3.96,8/29/2014,12.65,373,442
Indonesia,Manado,Buken_Is_West_point,1.62334,124.73323,tropical,40,199,Porites,encrusting,6/5/2012,0,6/13/2013,2.78,8/29/2014,10.96,373,442
Indonesia,Manado,Meras_village,1.54403,124.8215,tropical,3,200,Porites,encrusting,6/6/2012,10.47,6/14/2013,15.25,8/28/2014,19.61,373,440
Indonesia,Manado,Meras_village,1.54403,124.8215,tropical,3,201,Porites,encrusting,6/6/2012,5.13,6/14/2013,7.26,8/28/2014,16.82,373,440
Indonesia,Manado,Meras_village,1.54403,124.8215,tropical,3,202,Porites,encrusting,6/6/2012,0,6/14/2013,4.49,8/28/2014,2.09,373,440
Indonesia,Manado,Meras_village,1.54403,124.8215,tropical,3,203,Porites,encrusting,6/6/2012,0,6/14/2013,35.44,8/28/2014,45.73,373,440
Indonesia,Manado,Meras_village,1.54403,124.8215,tropical,3,204,Porites,encrusting,6/6/2012,0,6/14/2013,9.33,8/28/2014,21.08,373,440
Indonesia,Manado,Meras_village,1.54403,124.8215,tropical,3,205,Dipsastraea,encrusting,6/6/2012,0,6/14/2013,2.71,8/28/2014,12.7,373,440
Indonesia,Manado,Meras_village,1.54403,124.8215,tropical,4,206,Dipsastraea,encrusting,6/6/2012,23.27,6/14/2013,31.22,8/28/2014,8,373,440
Indonesia,Manado,Meras_village,1.54403,124.8215,tropical,4,207,Dipsastraea,encrusting,6/6/2012,2.92,6/14/2013,5.28,8/28/2014,3.46,373,440
Indonesia,Manado,Meras_village,1.54403,124.8215,tropical,4,208,Favites,encrusting,6/6/2012,3.64,6/14/2013,6.34,8/28/2014,5.87,373,440
Indonesia,Manado,Meras_village,1.54403,124.8215,tropical,4,209,Dipsastraea,encrusting,6/6/2012,11.82,6/14/2013,17.43,8/28/2014,21.65,373,440
Indonesia,Manado,Meras_village,1.54403,124.8215,tropical,4,210,Favites,encrusting,6/6/2012,4.4,6/14/2013,10.3,8/28/2014,15.91,373,440
Indonesia,Manado,Meras_village,1.54403,124.8215,tropical,4,211,Favites,encrusting,6/6/2012,4.27,6/14/2013,10.29,8/28/2014,11.17,373,440
Indonesia,Manado,Meras_village,1.54403,124.8215,tropical,4,212,Porites,encrusting,6/6/2012,6.96,6/14/2013,18.61,8/28/2014,22.89,373,440
Indonesia,Manado,Meras_village,1.54403,124.8215,tropical,4,213,Dipsastraea,encrusting,6/6/2012,9.65,6/14/2013,14.58,8/28/2014,16.17,373,440
Indonesia,Manado,Meras_village,1.54403,124.8215,tropical,4,214,Favites,encrusting,6/6/2012,14.3,6/14/2013,0,8/28/2014,0,373,440
Indonesia,Manado,Meras_village,1.54403,124.8215,tropical,4,215,Favites,encrusting,6/6/2012,20.89,6/14/2013,26.32,8/28/2014,8.54,373,440
Indonesia,Manado,Meras_village,1.54403,124.8215,tropical,4,216,Dipsastraea,encrusting,6/6/2012,3.18,6/14/2013,1.19,8/28/2014,1.26,373,440
Indonesia,Manado,Meras_village,1.54403,124.8215,tropical,9,217,Porites,encrusting,6/6/2012,30.52,6/14/2013,53.32,8/28/2014,80,373,440
Indonesia,Manado,Meras_village,1.54403,124.8215,tropical,9,218,Dipsastraea,encrusting,6/6/2012,4.83,6/14/2013,9.47,8/28/2014,20.32,373,440
Indonesia,Manado,Meras_village,1.54403,124.8215,tropical,9,219,Dipsastraea,encrusting,6/6/2012,0.7,6/14/2013,3.24,8/28/2014,8.64,373,440
Indonesia,Manado,Meras_village,1.54403,124.8215,tropical,9,220,Favites,submassive,6/6/2012,10.39,6/14/2013,15.79,8/28/2014,24.09,373,440
Indonesia,Manado,Meras_village,1.54403,124.8215,tropical,9,221,Porites,encrusting,6/6/2012,8.03,6/14/2013,33.21,8/28/2014,38.53,373,440
Indonesia,Manado,Meras_village,1.54403,124.8215,tropical,9,222,Dipsastraea,encrusting,6/6/2012,6.2,6/14/2013,12.77,8/28/2014,13.02,373,440
Indonesia,Manado,Meras_village,1.54403,124.8215,tropical,9,223,Porites,massive,6/6/2012,86.51,6/14/2013,0,8/28/2014,0,373,440
Indonesia,Manado,Meras_village,1.54403,124.8215,tropical,9,224,Dipsastraea,encrusting,6/6/2012,3.85,6/14/2013,0,8/28/2014,0,373,440
Indonesia,Manado,Meras_village,1.54403,124.8215,tropical,9,225,Dipsastraea,encrusting,6/6/2012,1.94,6/14/2013,0,8/28/2014,0,373,440
Indonesia,Manado,Meras_village,1.54403,124.8215,tropical,9,226,Dipsastraea,encrusting,6/6/2012,0,6/14/2013,0.77,8/28/2014,3.87,373,440
Indonesia,Manado,Meras_village,1.54403,124.8215,tropical,9,227,Dipsastraea,encrusting,6/6/2012,0,6/14/2013,0,8/28/2014,13.46,373,440
Indonesia,Manado,Meras_village,1.54403,124.8215,tropical,11,228,Favites,encrusting,6/6/2012,6.92,6/14/2013,8.57,8/28/2014,15.82,373,440
Indonesia,Manado,Meras_village,1.54403,124.8215,tropical,11,229,Porites,encrusting,6/6/2012,13.71,6/14/2013,24.11,8/28/2014,26.53,373,440
Indonesia,Manado,Meras_village,1.54403,124.8215,tropical,11,230,Porites,encrusting,6/6/2012,6.45,6/14/2013,19.68,8/28/2014,14.05,373,440
Indonesia,Manado,Meras_village,1.54403,124.8215,tropical,11,231,Favites,encrusting,6/6/2012,0.85,6/14/2013,2.2,8/28/2014,1.19,373,440
Indonesia,Manado,Meras_village,1.54403,124.8215,tropical,11,232,Dipsastraea,encrusting,6/6/2012,2.48,6/14/2013,3.28,8/28/2014,0,373,440
Indonesia,Manado,Meras_village,1.54403,124.8215,tropical,11,233,Dipsastraea,encrusting,6/6/2012,24.23,6/14/2013,0,8/28/2014,0,373,440
Indonesia,Manado,Meras_village,1.54403,124.8215,tropical,11,234,Porites,encrusting,6/6/2012,8.4,6/14/2013,0,8/28/2014,0,373,440
Indonesia,Manado,Meras_village,1.54403,124.8215,tropical,11,235,Dipsastraea,encrusting,6/6/2012,5.32,6/14/2013,4.73,8/28/2014,0,373,440
Indonesia,Manado,Meras_village,1.54403,124.8215,tropical,12,236,Porites,encrusting,6/6/2012,3.31,6/14/2013,6.36,8/28/2014,6.09,373,440
Indonesia,Manado,Meras_village,1.54403,124.8215,tropical,12,237,Favites,encrusting,6/6/2012,1.93,6/14/2013,0,8/28/2014,0,373,440
Indonesia,Manado,Meras_village,1.54403,124.8215,tropical,12,238,Dipsastraea,encrusting,6/6/2012,0.2,6/14/2013,0,8/28/2014,0,373,440
Indonesia,Manado,Meras_village,1.54403,124.8215,tropical,12,239,Favites,encrusting,6/6/2012,2.64,6/14/2013,2.49,8/28/2014,0,373,440
Indonesia,Manado,Meras_village,1.54403,124.8215,tropical,12,240,Favites,encrusting,6/6/2012,10.91,6/14/2013,0,8/28/2014,0,373,440
Indonesia,Manado,Meras_village,1.54403,124.8215,tropical,12,241,Favites,encrusting,6/6/2012,1.35,6/14/2013,2.56,8/28/2014,0,373,440
Indonesia,Manado,Meras_village,1.54403,124.8215,tropical,12,242,Favites,encrusting,6/6/2012,8.99,6/14/2013,3.57,8/28/2014,4.45,373,440
Indonesia,Manado,Meras_village,1.54403,124.8215,tropical,12,243,Porites,encrusting,6/6/2012,0,6/14/2013,6.69,8/28/2014,5.31,373,440
Indonesia,Manado,Meras_village,1.54403,124.8215,tropical,12,244,Favites,encrusting,6/6/2012,0,6/14/2013,3.54,8/28/2014,2.53,373,440
Indonesia,Manado,Meras_village,1.54403,124.8215,tropical,13,245,Dipsastraea,encrusting,6/6/2012,3.84,6/14/2013,8.32,8/28/2014,16.98,373,440
Indonesia,Manado,Meras_village,1.54403,124.8215,tropical,13,246,Dipsastraea,encrusting,6/6/2012,4.37,6/14/2013,8.04,8/28/2014,7.49,373,440
Indonesia,Manado,Meras_village,1.54403,124.8215,tropical,13,247,Porites,encrusting,6/6/2012,17.79,6/14/2013,25.39,8/28/2014,17.77,373,440
Indonesia,Manado,Meras_village,1.54403,124.8215,tropical,13,248,Porites,encrusting,6/6/2012,28.44,6/14/2013,0,8/28/2014,0,373,440
Indonesia,Manado,Meras_village,1.54403,124.8215,tropical,13,249,Dipsastraea,encrusting,6/6/2012,8.02,6/14/2013,0,8/28/2014,0,373,440
Indonesia,Manado,Meras_village,1.54403,124.8215,tropical,13,250,Dipsastraea,encrusting,6/6/2012,1.85,6/14/2013,0,8/28/2014,0,373,440
Indonesia,Manado,Meras_village,1.54403,124.8215,tropical,13,251,Favites,encrusting,6/6/2012,4.07,6/14/2013,0,8/28/2014,0,373,440
Indonesia,Manado,Meras_village,1.54403,124.8215,tropical,13,252,Porites,encrusting,6/6/2012,9.53,6/14/2013,0,8/28/2014,0,373,440
Indonesia,Manado,Meras_village,1.54403,124.8215,tropical,13,253,Favites,encrusting,6/6/2012,3.4,6/14/2013,0,8/28/2014,0,373,440
Indonesia,Manado,Meras_village,1.54403,124.8215,tropical,13,254,Acropora,corymbose,6/6/2012,6.18,6/14/2013,0,8/28/2014,0,373,440
Indonesia,Manado,Meras_village,1.54403,124.8215,tropical,13,255,Dipsastraea,encrusting,6/6/2012,0,6/14/2013,0.38,8/28/2014,2.27,373,440
Indonesia,Manado,Meras_village,1.54403,124.8215,tropical,13,256,Favites,encrusting,6/6/2012,0,6/14/2013,1.79,8/28/2014,4.73,373,440
Indonesia,Manado,Meras_village,1.54403,124.8215,tropical,13,257,Dipsastraea,encrusting,6/6/2012,0,6/14/2013,0,8/28/2014,2.91,373,440
Indonesia,Manado,Meras_village,1.54403,124.8215,tropical,14,258,Porites,encrusting,6/6/2012,2.12,6/14/2013,10.38,8/28/2014,14.92,373,440
Indonesia,Manado,Meras_village,1.54403,124.8215,tropical,14,259,Favites,encrusting,6/6/2012,5.86,6/14/2013,10.14,8/28/2014,12.1,373,440
Indonesia,Manado,Meras_village,1.54403,124.8215,tropical,14,260,Dipsastraea,encrusting,6/6/2012,17.99,6/14/2013,0,8/28/2014,0,373,440
Indonesia,Manado,Meras_village,1.54403,124.8215,tropical,14,261,Porites,encrusting,6/6/2012,1.53,6/14/2013,6.01,8/28/2014,0,373,440
Indonesia,Manado,Meras_village,1.54403,124.8215,tropical,14,262,Porites,encrusting,6/6/2012,18.22,6/14/2013,0,8/28/2014,0,373,440
Indonesia,Manado,Meras_village,1.54403,124.8215,tropical,14,263,Dipsastraea,encrusting,6/6/2012,2.82,6/14/2013,0,8/28/2014,0,373,440
Indonesia,Manado,Meras_village,1.54403,124.8215,tropical,14,264,Favites,encrusting,6/6/2012,0.77,6/14/2013,0,8/28/2014,0,373,440
Indonesia,Manado,Meras_village,1.54403,124.8215,tropical,14,265,Dipsastraea,encrusting,6/6/2012,0,6/14/2013,0.42,8/28/2014,6.46,373,440
Indonesia,Manado,Meras_village,1.54403,124.8215,tropical,14,266,Porites,encrusting,6/6/2012,0,6/14/2013,13.21,8/28/2014,19.38,373,440
Indonesia,Manado,Meras_village,1.54403,124.8215,tropical,14,267,Dipsastraea,encrusting,6/6/2012,0,6/14/2013,0.5,8/28/2014,3.62,373,440
Indonesia,Manado,Meras_village,1.54403,124.8215,tropical,14,268,Pocillopora,bushy,6/6/2012,0,6/14/2013,5.51,8/28/2014,0,373,440
Indonesia,Manado,Meras_village,1.54403,124.8215,tropical,14,269,Favites,encrusting,6/6/2012,0,6/14/2013,0,8/28/2014,2.18,373,440
Indonesia,Manado,Meras_village,1.54403,124.8215,tropical,17,270,Favites,encrusting,6/6/2012,0.33,6/14/2013,2.71,8/28/2014,7.37,373,440
Indonesia,Manado,Meras_village,1.54403,124.8215,tropical,17,271,Porites,encrusting,6/6/2012,47.22,6/14/2013,56.71,8/28/2014,83.24,373,440
Indonesia,Manado,Meras_village,1.54403,124.8215,tropical,17,272,Favites,submassive,6/6/2012,31.27,6/14/2013,0,8/28/2014,0,373,440
Indonesia,Manado,Meras_village,1.54403,124.8215,tropical,17,273,Dipsastraea,encrusting,6/6/2012,5.81,6/14/2013,0,8/28/2014,0,373,440
Indonesia,Manado,Meras_village,1.54403,124.8215,tropical,17,274,Acropora,corymbose,6/6/2012,8.75,6/14/2013,0,8/28/2014,0,373,440
Indonesia,Manado,Meras_village,1.54403,124.8215,tropical,17,275,Dipsastraea,encrusting,6/6/2012,7.9,6/14/2013,0,8/28/2014,0,373,440
Indonesia,Manado,Meras_village,1.54403,124.8215,tropical,17,276,Dipsastraea,encrusting,6/6/2012,1.61,6/14/2013,0,8/28/2014,0,373,440
Indonesia,Manado,Meras_village,1.54403,124.8215,tropical,17,277,Dipsastraea,encrusting,6/6/2012,7.3,6/14/2013,0,8/28/2014,0,373,440
Indonesia,Manado,Meras_village,1.54403,124.8215,tropical,17,278,Dipsastraea,encrusting,6/6/2012,7.43,6/14/2013,0,8/28/2014,0,373,440
Indonesia,Manado,Meras_village,1.54403,124.8215,tropical,17,279,Dipsastraea,encrusting,6/6/2012,0,6/14/2013,3.14,8/28/2014,0,373,440
Indonesia,Manado,Meras_village,1.54403,124.8215,tropical,19,280,Porites,encrusting,6/6/2012,23.49,6/14/2013,0,8/28/2014,0,373,440
Indonesia,Manado,Meras_village,1.54403,124.8215,tropical,19,281,Porites,encrusting,6/6/2012,25.66,6/14/2013,0,8/28/2014,0,373,440
Indonesia,Manado,Meras_village,1.54403,124.8215,tropical,19,282,Favites,encrusting,6/6/2012,12.72,6/14/2013,0,8/28/2014,0,373,440
Indonesia,Manado,Meras_village,1.54403,124.8215,tropical,19,283,Favites,encrusting,6/6/2012,1.2,6/14/2013,10.89,8/28/2014,0,373,440
Indonesia,Manado,Meras_village,1.54403,124.8215,tropical,19,284,Porites,encrusting,6/6/2012,2.88,6/14/2013,0,8/28/2014,0,373,440
Indonesia,Manado,Meras_village,1.54403,124.8215,tropical,19,285,Dipsastraea,encrusting,6/6/2012,4.8,6/14/2013,0,8/28/2014,0,373,440
Indonesia,Manado,Meras_village,1.54403,124.8215,tropical,19,286,Favites,encrusting,6/6/2012,0,6/14/2013,2.67,8/28/2014,10.88,373,440
Indonesia,Manado,Meras_village,1.54403,124.8215,tropical,19,287,Favites,encrusting,6/6/2012,0,6/14/2013,4.78,8/28/2014,3.08,373,440
Indonesia,Manado,Meras_village,1.54403,124.8215,tropical,19,288,Dipsastraea,encrusting,6/6/2012,0,6/14/2013,5.78,8/28/2014,0,373,440
Indonesia,Manado,Meras_village,1.54403,124.8215,tropical,20,289,Favites,encrusting,6/6/2012,16.11,6/14/2013,17.13,8/28/2014,15.52,373,440
Indonesia,Manado,Meras_village,1.54403,124.8215,tropical,20,290,Porites,encrusting,6/6/2012,10.04,6/14/2013,18.29,8/28/2014,23.61,373,440
Indonesia,Manado,Meras_village,1.54403,124.8215,tropical,20,291,Dipsastraea,encrusting,6/6/2012,4.96,6/14/2013,0,8/28/2014,0,373,440
Indonesia,Manado,Meras_village,1.54403,124.8215,tropical,20,292,Favites,encrusting,6/6/2012,15.09,6/14/2013,0,8/28/2014,0,373,440
Indonesia,Manado,Meras_village,1.54403,124.8215,tropical,20,293,Dipsastraea,encrusting,6/6/2012,9.52,6/14/2013,0,8/28/2014,0,373,440
Indonesia,Manado,Meras_village,1.54403,124.8215,tropical,20,294,Dipsastraea,encrusting,6/6/2012,19.65,6/14/2013,0,8/28/2014,0,373,440
Indonesia,Manado,Meras_village,1.54403,124.8215,tropical,20,295,Dipsastraea,encrusting,6/6/2012,20.79,6/14/2013,0,8/28/2014,0,373,440
Indonesia,Manado,Meras_village,1.54403,124.8215,tropical,20,296,Dipsastraea,encrusting,6/6/2012,27.08,6/14/2013,11.15,8/28/2014,2.21,373,440
Indonesia,Manado,Meras_village,1.54403,124.8215,tropical,20,297,Dipsastraea,encrusting,6/6/2012,1.27,6/14/2013,0,8/28/2014,0,373,440
Indonesia,Manado,Meras_village,1.54403,124.8215,tropical,20,298,Pocillopora,bushy,6/6/2012,6.76,6/14/2013,0,8/28/2014,0,373,440
Indonesia,Manado,Meras_village,1.54403,124.8215,tropical,20,299,Dipsastraea,encrusting,6/6/2012,27.88,6/14/2013,0,8/28/2014,0,373,440
Indonesia,Manado,Meras_village,1.54403,124.8215,tropical,20,300,Favites,encrusting,6/6/2012,9.38,6/14/2013,0,8/28/2014,0,373,440
Indonesia,Manado,Meras_village,1.54403,124.8215,tropical,20,301,Favites,encrusting,6/6/2012,2.44,6/14/2013,0,8/28/2014,0,373,440
Indonesia,Manado,Meras_village,1.54403,124.8215,tropical,20,302,Favites,encrusting,6/6/2012,0,6/14/2013,5.99,8/28/2014,12.05,373,440
Indonesia,Manado,Meras_village,1.54403,124.8215,tropical,21,303,Porites,encrusting,6/6/2012,4.02,6/14/2013,10.47,8/28/2014,4.84,373,440
Indonesia,Manado,Meras_village,1.54403,124.8215,tropical,21,304,Porites,encrusting,6/6/2012,10.98,6/14/2013,9.36,8/28/2014,13.97,373,440
Indonesia,Manado,Meras_village,1.54403,124.8215,tropical,21,305,Dipsastraea,encrusting,6/6/2012,3.44,6/14/2013,0,8/28/2014,0,373,440
Indonesia,Manado,Meras_village,1.54403,124.8215,tropical,21,306,Dipsastraea,encrusting,6/6/2012,8.26,6/14/2013,0,8/28/2014,0,373,440
Indonesia,Manado,Meras_village,1.54403,124.8215,tropical,21,307,Dipsastraea,encrusting,6/6/2012,4.44,6/14/2013,0,8/28/2014,0,373,440
Indonesia,Manado,Meras_village,1.54403,124.8215,tropical,21,308,Favites,encrusting,6/6/2012,1.74,6/14/2013,0,8/28/2014,0,373,440
Indonesia,Manado,Meras_village,1.54403,124.8215,tropical,21,309,Dipsastraea,encrusting,6/6/2012,3.05,6/14/2013,0,8/28/2014,0,373,440
Indonesia,Manado,Meras_village,1.54403,124.8215,tropical,21,310,Dipsastraea,encrusting,6/6/2012,14.29,6/14/2013,0,8/28/2014,0,373,440
Indonesia,Manado,Meras_village,1.54403,124.8215,tropical,21,311,Favites,encrusting,6/6/2012,0.26,6/14/2013,0,8/28/2014,0,373,440
Indonesia,Manado,Meras_village,1.54403,124.8215,tropical,21,312,Favites,encrusting,6/6/2012,0.89,6/14/2013,0,8/28/2014,0,373,440
Indonesia,Manado,Meras_village,1.54403,124.8215,tropical,21,313,Porites,encrusting,6/6/2012,9.13,6/14/2013,0,8/28/2014,0,373,440
Indonesia,Manado,Meras_village,1.54403,124.8215,tropical,21,314,Dipsastraea,encrusting,6/6/2012,11.43,6/14/2013,0,8/28/2014,0,373,440
Indonesia,Manado,Meras_village,1.54403,124.8215,tropical,21,315,Favites,encrusting,6/6/2012,9.6,6/14/2013,0,8/28/2014,0,373,440
Indonesia,Manado,Meras_village,1.54403,124.8215,tropical,21,316,Favites,encrusting,6/6/2012,3.38,6/14/2013,0,8/28/2014,0,373,440
Indonesia,Manado,Meras_village,1.54403,124.8215,tropical,23,317,Porites,massive,6/6/2012,47.69,6/14/2013,57.01,8/28/2014,67.81,373,440
Indonesia,Manado,Meras_village,1.54403,124.8215,tropical,23,318,Dipsastraea,encrusting,6/6/2012,9.21,6/14/2013,12.41,8/28/2014,3.87,373,440
Indonesia,Manado,Meras_village,1.54403,124.8215,tropical,23,319,Favites,encrusting,6/6/2012,5.77,6/14/2013,8.55,8/28/2014,12.6,373,440
Indonesia,Manado,Meras_village,1.54403,124.8215,tropical,23,320,Dipsastraea,encrusting,6/6/2012,0.6,6/14/2013,2.41,8/28/2014,3.14,373,440
Indonesia,Manado,Meras_village,1.54403,124.8215,tropical,23,321,Dipsastraea,encrusting,6/6/2012,1.23,6/14/2013,2.11,8/28/2014,4.36,373,440
Indonesia,Manado,Meras_village,1.54403,124.8215,tropical,23,322,Porites,encrusting,6/6/2012,0,6/14/2013,0,8/28/2014,19.4,373,440
Indonesia,Manado,Meras_village,1.54403,124.8215,tropical,24,323,Favites,submassive,6/6/2012,8.57,6/14/2013,13.96,8/28/2014,21.36,373,440
Indonesia,Manado,Meras_village,1.54403,124.8215,tropical,24,324,Favites,encrusting,6/6/2012,0.83,6/14/2013,5.02,8/28/2014,11.28,373,440
Indonesia,Manado,Meras_village,1.54403,124.8215,tropical,25,325,Favites,encrusting,6/6/2012,17.91,6/14/2013,23.53,8/28/2014,40.73,373,440
Indonesia,Manado,Meras_village,1.54403,124.8215,tropical,25,326,Porites,massive,6/6/2012,49.88,6/14/2013,45.92,8/28/2014,80.66,373,440
Indonesia,Manado,Meras_village,1.54403,124.8215,tropical,25,327,Favites,encrusting,6/6/2012,14.28,6/14/2013,19.59,8/28/2014,32.33,373,440
Indonesia,Manado,Meras_village,1.54403,124.8215,tropical,25,328,Favites,encrusting,6/6/2012,2.68,6/14/2013,5.11,8/28/2014,9.44,373,440
Indonesia,Manado,Meras_village,1.54403,124.8215,tropical,25,329,Acropora,corymbose,6/6/2012,89.95,6/14/2013,0,8/28/2014,0,373,440
Indonesia,Manado,Meras_village,1.54403,124.8215,tropical,25,330,Favites,encrusting,6/6/2012,15.21,6/14/2013,17.55,8/28/2014,27.61,373,440
Indonesia,Manado,Meras_village,1.54403,124.8215,tropical,25,331,Dipsastraea,encrusting,6/6/2012,0,6/14/2013,23.9,8/28/2014,37.54,373,440
Indonesia,Manado,Meras_village,1.54403,124.8215,tropical,26,332,Favites,encrusting,6/6/2012,11.3,6/14/2013,15.32,8/28/2014,15.02,373,440
Indonesia,Manado,Meras_village,1.54403,124.8215,tropical,26,333,Dipsastraea,encrusting,6/6/2012,14.81,6/14/2013,2.65,8/28/2014,9.83,373,440
Indonesia,Manado,Meras_village,1.54403,124.8215,tropical,26,334,Favites,encrusting,6/6/2012,5.56,6/14/2013,6.36,8/28/2014,0,373,440
Indonesia,Manado,Meras_village,1.54403,124.8215,tropical,26,335,Porites,encrusting,6/6/2012,12.61,6/14/2013,0.78,8/28/2014,12.11,373,440
Indonesia,Manado,Meras_village,1.54403,124.8215,tropical,26,336,Dipsastraea,encrusting,6/6/2012,13.83,6/14/2013,0,8/28/2014,0,373,440
Indonesia,Manado,Meras_village,1.54403,124.8215,tropical,26,337,Pocillopora,bushy,6/6/2012,7.79,6/14/2013,12.93,8/28/2014,17.99,373,440
Indonesia,Manado,Meras_village,1.54403,124.8215,tropical,26,338,Dipsastraea,encrusting,6/6/2012,13.57,6/14/2013,20.11,8/28/2014,35.72,373,440
Indonesia,Manado,Meras_village,1.54403,124.8215,tropical,26,339,Porites,encrusting,6/6/2012,36.38,6/14/2013,43.38,8/28/2014,50.71,373,440
Indonesia,Manado,Meras_village,1.54403,124.8215,tropical,26,340,Dipsastraea,encrusting,6/6/2012,7.85,6/14/2013,11.74,8/28/2014,12.84,373,440
Indonesia,Manado,Meras_village,1.54403,124.8215,tropical,26,341,Favites,encrusting,6/6/2012,1.55,6/14/2013,3.59,8/28/2014,6.37,373,440
Indonesia,Manado,Meras_village,1.54403,124.8215,tropical,26,342,Porites,encrusting,6/6/2012,0,6/14/2013,7.53,8/28/2014,9.13,373,440
Indonesia,Manado,Meras_village,1.54403,124.8215,tropical,26,343,Dipsastraea,encrusting,6/6/2012,0,6/14/2013,15.48,8/28/2014,10.24,373,440
Indonesia,Manado,Meras_village,1.54403,124.8215,tropical,26,344,Dipsastraea,encrusting,6/6/2012,0,6/14/2013,5.66,8/28/2014,0,373,440
Indonesia,Manado,Meras_village,1.54403,124.8215,tropical,28,345,Dipsastraea,encrusting,6/6/2012,0,6/14/2013,5.89,8/28/2014,0,373,440
Indonesia,Manado,Meras_village,1.54403,124.8215,tropical,28,346,Dipsastraea,encrusting,6/6/2012,0,6/14/2013,6.91,8/28/2014,0,373,440
Indonesia,Manado,Meras_village,1.54403,124.8215,tropical,28,347,Favites,encrusting,6/6/2012,0,6/14/2013,2.99,8/28/2014,0,373,440
Indonesia,Manado,Meras_village,1.54403,124.8215,tropical,29,348,Porites,encrusting,6/6/2012,3.74,6/14/2013,11.35,8/28/2014,15.77,373,440
Indonesia,Manado,Meras_village,1.54403,124.8215,tropical,29,349,Porites,branching,6/6/2012,13.31,6/14/2013,1.8,8/28/2014,3.69,373,440
Indonesia,Manado,Meras_village,1.54403,124.8215,tropical,29,350,Pocillopora,bushy,6/6/2012,10.2,6/14/2013,21.35,8/28/2014,0,373,440
Indonesia,Manado,Meras_village,1.54403,124.8215,tropical,29,351,Favites,encrusting,6/6/2012,0,6/14/2013,1.25,8/28/2014,2.21,373,440
Indonesia,Manado,Meras_village,1.54403,124.8215,tropical,30,352,Dipsastraea,encrusting,6/6/2012,29.57,6/14/2013,16.93,8/28/2014,21.74,373,440
Indonesia,Manado,Meras_village,1.54403,124.8215,tropical,30,353,Favites,encrusting,6/6/2012,2.37,6/14/2013,0,8/28/2014,0,373,440
Indonesia,Manado,Meras_village,1.54403,124.8215,tropical,31,354,Dipsastraea,encrusting,6/6/2012,2.94,6/14/2013,3.05,8/28/2014,13.36,373,440
Indonesia,Manado,Meras_village,1.54403,124.8215,tropical,31,355,Porites,encrusting,6/6/2012,56.87,6/14/2013,74.24,8/28/2014,39.16,373,440
Indonesia,Manado,Meras_village,1.54403,124.8215,tropical,31,356,Favites,encrusting,6/6/2012,14.73,6/14/2013,20.24,8/28/2014,12.96,373,440
Indonesia,Manado,Meras_village,1.54403,124.8215,tropical,31,357,Porites,encrusting,6/6/2012,5.02,6/14/2013,20.61,8/28/2014,34.9,373,440
Indonesia,Manado,Meras_village,1.54403,124.8215,tropical,31,358,Dipsastraea,encrusting,6/6/2012,2.59,6/14/2013,6.69,8/28/2014,16.63,373,440
Indonesia,Manado,Meras_village,1.54403,124.8215,tropical,31,359,Dipsastraea,encrusting,6/6/2012,1.2,6/14/2013,2.58,8/28/2014,0,373,440
Indonesia,Manado,Meras_village,1.54403,124.8215,tropical,31,360,Favites,encrusting,6/6/2012,1.42,6/14/2013,4.16,8/28/2014,0,373,440
Indonesia,Manado,Meras_village,1.54403,124.8215,tropical,31,361,Favites,encrusting,6/6/2012,1.7,6/14/2013,0.88,8/28/2014,7,373,440
Indonesia,Manado,Meras_village,1.54403,124.8215,tropical,31,362,Favites,encrusting,6/6/2012,0,6/14/2013,0,8/28/2014,6.31,373,440
Indonesia,Karimujawa,Genting_school_point,-5.85665,110.61191,tropical,2,363,Acropora,table,4/23/2012,20.95,5/20/2013,210.67,3/30/2014,576.51,392,314
Indonesia,Karimujawa,Genting_school_point,-5.85665,110.61191,tropical,2,364,Porites,encrusting,4/23/2012,12.15,5/20/2013,9.55,3/30/2014,15.43,392,314
Indonesia,Karimujawa,Genting_school_point,-5.85665,110.61191,tropical,2,365,Porites,encrusting,4/23/2012,2.63,5/20/2013,21.35,3/30/2014,48.7,392,314
Indonesia,Karimujawa,Genting_school_point,-5.85665,110.61191,tropical,2,366,Pocillopora,bushy,4/23/2012,0,5/20/2013,12.55,3/30/2014,31.42,392,314
Indonesia,Karimujawa,Genting_school_point,-5.85665,110.61191,tropical,3,367,Acropora,table,4/23/2012,9.17,5/20/2013,115.5,3/30/2014,322.1,392,314
Indonesia,Karimujawa,Genting_school_point,-5.85665,110.61191,tropical,3,368,Acropora,branching,4/23/2012,0,5/20/2013,24.36,3/30/2014,194.67,392,314
Indonesia,Karimujawa,Genting_school_point,-5.85665,110.61191,tropical,4,369,Acropora,table,4/23/2012,21.12,5/20/2013,104.09,3/30/2014,481.72,392,314
Indonesia,Karimujawa,Genting_school_point,-5.85665,110.61191,tropical,4,370,Favites,encrusting,4/23/2012,5.1,5/20/2013,13.41,3/30/2014,42.88,392,314
Indonesia,Karimujawa,Genting_school_point,-5.85665,110.61191,tropical,12,371,Acropora,table,4/23/2012,4.05,5/20/2013,13.83,3/30/2014,142.02,392,314
Indonesia,Karimujawa,Genting_school_point,-5.85665,110.61191,tropical,13,372,Acropora,table,4/23/2012,6.74,5/20/2013,66.16,3/30/2014,490.31,392,314
Indonesia,Karimujawa,Genting_school_point,-5.85665,110.61191,tropical,13,373,Favites,encrusting,4/23/2012,3.44,5/20/2013,6.72,3/30/2014,14.88,392,314
Indonesia,Karimujawa,Genting_school_point,-5.85665,110.61191,tropical,15,374,Acropora,table,4/23/2012,4.27,5/20/2013,20.63,3/30/2014,49.87,392,314
Indonesia,Karimujawa,Genting_school_point,-5.85665,110.61191,tropical,15,375,Favites,encrusting,4/23/2012,1.07,5/20/2013,2.46,3/30/2014,0,392,314
Indonesia,Karimujawa,Genting_school_point,-5.85665,110.61191,tropical,16,376,Pocillopora,bushy,4/23/2012,11.13,5/20/2013,54.23,3/30/2014,109.25,392,314
Indonesia,Karimujawa,Genting_school_point,-5.85665,110.61191,tropical,16,377,Porites,encrusting,4/23/2012,12.7,5/20/2013,27.98,3/30/2014,48.09,392,314
Indonesia,Karimujawa,Genting_school_point,-5.85665,110.61191,tropical,16,378,Acropora,table,4/23/2012,2.77,5/20/2013,11.35,3/30/2014,179.99,392,314
Indonesia,Karimujawa,Genting_school_point,-5.85665,110.61191,tropical,17,379,Porites,encrusting,4/23/2012,3.06,5/20/2013,7.26,3/30/2014,24.57,392,314
Indonesia,Karimujawa,Genting_school_point,-5.85665,110.61191,tropical,18,380,Acropora,table,4/23/2012,1.01,5/20/2013,7.16,3/30/2014,45.52,392,314
Indonesia,Karimujawa,Genting_school_point,-5.85665,110.61191,tropical,18,381,Dipsastraea,encrusting,4/23/2012,0.47,5/20/2013,0,3/30/2014,0,392,314
Indonesia,Karimujawa,Genting_school_point,-5.85665,110.61191,tropical,20,382,Acropora,table,4/23/2012,27.36,5/20/2013,128.91,3/30/2014,307.47,392,314
Indonesia,Karimujawa,Genting_school_point,-5.85665,110.61191,tropical,20,383,Acropora,table,4/23/2012,12.94,5/20/2013,198.05,3/30/2014,462.04,392,314
Indonesia,Karimujawa,Genting_school_point,-5.85665,110.61191,tropical,20,384,Acropora,table,4/23/2012,1.93,5/20/2013,12.23,3/30/2014,23.14,392,314
Indonesia,Karimujawa,Genting_school_point,-5.85665,110.61191,tropical,20,385,Pocillopora,bushy,4/23/2012,5.63,5/20/2013,32.88,3/30/2014,41.96,392,314
Indonesia,Karimujawa,Genting_school_point,-5.85665,110.61191,tropical,20,386,Favites,encrusting,4/23/2012,1.23,5/20/2013,3.51,3/30/2014,7.49,392,314
Indonesia,Karimujawa,Genting_school_point,-5.85665,110.61191,tropical,20,387,Acropora,table,4/23/2012,0.88,5/20/2013,8.18,3/30/2014,11.69,392,314
Indonesia,Karimujawa,Genting_school_point,-5.85665,110.61191,tropical,20,388,Acropora,table,4/23/2012,2.66,5/20/2013,7.19,3/30/2014,8.19,392,314
Indonesia,Karimujawa,Genting_school_point,-5.85665,110.61191,tropical,21,389,Acropora,table,4/23/2012,12.21,5/20/2013,72.97,3/30/2014,348.96,392,314
Indonesia,Karimujawa,Genting_school_point,-5.85665,110.61191,tropical,21,390,Acropora,table,4/23/2012,10.03,5/20/2013,102.55,3/30/2014,441.73,392,314
Indonesia,Karimujawa,Genting_school_point,-5.85665,110.61191,tropical,21,391,Acropora,table,4/23/2012,3.63,5/20/2013,9.83,3/30/2014,140.75,392,314
Indonesia,Karimujawa,Genting_school_point,-5.85665,110.61191,tropical,21,392,Pocillopora,bushy,4/23/2012,1.02,5/20/2013,12.9,3/30/2014,32.64,392,314
Indonesia,Karimujawa,Genting_school_point,-5.85665,110.61191,tropical,21,393,Acropora,table,4/23/2012,3.21,5/20/2013,0,3/30/2014,0,392,314
Indonesia,Karimujawa,Genting_school_point,-5.85665,110.61191,tropical,21,394,Acropora,table,4/23/2012,1.74,5/20/2013,0,3/30/2014,0,392,314
Indonesia,Karimujawa,Genting_school_point,-5.85665,110.61191,tropical,21,395,Porites,encrusting,4/23/2012,1.17,5/20/2013,4.27,3/30/2014,0,392,314
Indonesia,Karimujawa,Genting_school_point,-5.85665,110.61191,tropical,21,396,Acropora,table,4/23/2012,1.28,5/20/2013,14.62,3/30/2014,34.11,392,314
Indonesia,Karimujawa,Genting_school_point,-5.85665,110.61191,tropical,21,397,Acropora,table,4/23/2012,0,5/20/2013,13.41,3/30/2014,16.28,392,314
Indonesia,Karimujawa,Genting_school_point,-5.85665,110.61191,tropical,22,398,Acropora,table,4/23/2012,0.89,5/20/2013,31.13,3/30/2014,398.46,392,314
Indonesia,Karimujawa,Genting_school_point,-5.85665,110.61191,tropical,22,399,Pocillopora,bushy,4/23/2012,6.76,5/20/2013,51.39,3/30/2014,121.16,392,314
Indonesia,Karimujawa,Genting_school_point,-5.85665,110.61191,tropical,22,400,Acropora,table,4/23/2012,2.07,5/20/2013,19.34,3/30/2014,17.81,392,314
Indonesia,Karimujawa,Genting_school_point,-5.85665,110.61191,tropical,22,401,Acropora,table,4/23/2012,1.79,5/20/2013,33.35,3/30/2014,422.27,392,314
Indonesia,Karimujawa,Genting_school_point,-5.85665,110.61191,tropical,22,402,Favites,encrusting,4/23/2012,1.18,5/20/2013,5.91,3/30/2014,6.37,392,314
Indonesia,Karimujawa,Genting_school_point,-5.85665,110.61191,tropical,22,403,Pocillopora,bushy,4/23/2012,5.74,5/20/2013,32.93,3/30/2014,0,392,314
Indonesia,Karimujawa,Genting_school_point,-5.85665,110.61191,tropical,22,404,Acropora,table,4/23/2012,2.72,5/20/2013,2.65,3/30/2014,0,392,314
Indonesia,Karimujawa,Genting_school_point,-5.85665,110.61191,tropical,22,405,Pocillopora,bushy,4/23/2012,0.95,5/20/2013,13.14,3/30/2014,35.71,392,314
Indonesia,Karimujawa,Genting_school_point,-5.85665,110.61191,tropical,22,406,Acropora,table,4/23/2012,0.84,5/20/2013,7.96,3/30/2014,0,392,314
Indonesia,Karimujawa,Genting_school_point,-5.85665,110.61191,tropical,22,407,Acropora,table,4/23/2012,0.7,5/20/2013,0,3/30/2014,0,392,314
Indonesia,Karimujawa,Genting_school_point,-5.85665,110.61191,tropical,22,408,Acropora,table,4/23/2012,3.12,5/20/2013,3.36,3/30/2014,0,392,314
Indonesia,Karimujawa,Genting_school_point,-5.85665,110.61191,tropical,22,409,Acropora,table,4/23/2012,0,5/20/2013,7.94,3/30/2014,23.19,392,314
Indonesia,Karimujawa,Genting_school_point,-5.85665,110.61191,tropical,25,410,Porites,encrusting,4/23/2012,3.15,5/20/2013,18.65,3/30/2014,35.99,392,314
Indonesia,Karimujawa,Genting_school_point,-5.85665,110.61191,tropical,25,411,Favites,encrusting,4/23/2012,1.67,5/20/2013,6.02,3/30/2014,0,392,314
Indonesia,Karimujawa,Genting_school_point,-5.85665,110.61191,tropical,26,412,Pocillopora,bushy,4/23/2012,9.67,5/20/2013,30.44,3/30/2014,42.39,392,314
Indonesia,Karimujawa,Genting_school_point,-5.85665,110.61191,tropical,26,413,Porites,encrusting,4/23/2012,10.53,5/20/2013,9.38,3/30/2014,4.08,392,314
Indonesia,Karimujawa,Genting_school_point,-5.85665,110.61191,tropical,26,414,Acropora,table,4/23/2012,2.33,5/20/2013,17.05,3/30/2014,0,392,314
Indonesia,Karimujawa,Genting_school_point,-5.85665,110.61191,tropical,26,415,Acropora,branching,4/23/2012,0,5/20/2013,64.11,3/30/2014,88.56,392,314
Indonesia,Karimujawa,Genting_school_point,-5.85665,110.61191,tropical,28,416,Acropora,table,4/23/2012,7.15,5/20/2013,23.93,3/30/2014,233.59,392,314
Indonesia,Karimujawa,Genting_school_point,-5.85665,110.61191,tropical,30,417,Acropora,table,4/23/2012,0.86,5/20/2013,20.37,3/30/2014,88.36,392,314
Indonesia,Karimujawa,Genting_school_point,-5.85665,110.61191,tropical,30,418,Acropora,table,4/23/2012,4.65,5/20/2013,35.51,3/30/2014,209.81,392,314
Indonesia,Karimujawa,Genting_school_point,-5.85665,110.61191,tropical,36,419,Acropora,table,4/23/2012,18.45,5/20/2013,351.5,3/30/2014,0,392,314
Indonesia,Karimujawa,Genting_school_point,-5.85665,110.61191,tropical,36,420,Acropora,table,4/23/2012,3.84,5/20/2013,195.21,3/30/2014,730.21,392,314
Indonesia,Karimujawa,Genting_school_point,-5.85665,110.61191,tropical,36,421,Acropora,table,4/23/2012,0,5/20/2013,14.11,3/30/2014,134.06,392,314
Indonesia,Karimujawa,Genting_school_point,-5.85665,110.61191,tropical,36,422,Acropora,table,4/23/2012,0,5/20/2013,21.38,3/30/2014,142.4,392,314
Indonesia,Karimujawa,Genting_school_point,-5.85665,110.61191,tropical,37,423,Acropora,table,4/23/2012,12.42,5/20/2013,148.02,3/30/2014,563.46,392,314
Indonesia,Karimujawa,Genting_school_point,-5.85665,110.61191,tropical,37,424,Favites,encrusting,4/23/2012,0,5/20/2013,0.74,3/30/2014,0,392,314
Indonesia,Karimujawa,Genting_school_point,-5.85665,110.61191,tropical,41,425,Acropora,table,4/23/2012,8.81,5/20/2013,130.97,3/30/2014,101.59,392,314
Indonesia,Karimujawa,Genting_school_point,-5.85665,110.61191,tropical,41,426,Dipsastraea,encrusting,4/23/2012,21.75,5/20/2013,36.63,3/30/2014,41.53,392,314
Indonesia,Karimujawa,Genting_school_point,-5.85665,110.61191,tropical,41,427,Favites,encrusting,4/23/2012,3.81,5/20/2013,6.84,3/30/2014,1.59,392,314
Indonesia,Karimujawa,Genting_school_point,-5.85665,110.61191,tropical,44,428,Porites,encrusting,4/23/2012,6.36,5/20/2013,4.65,3/30/2014,6.18,392,314
Indonesia,Karimujawa,Genting_school_point,-5.85665,110.61191,tropical,44,429,Porites,encrusting,4/23/2012,1.92,5/20/2013,0,3/30/2014,0,392,314
Indonesia,Karimujawa,Genting_school_point,-5.85665,110.61191,tropical,44,430,Porites,encrusting,4/23/2012,2.52,5/20/2013,6.08,3/30/2014,9.46,392,314
Indonesia,Karimujawa,Genting_school_point,-5.85665,110.61191,tropical,44,431,Porites,encrusting,4/23/2012,0,5/20/2013,0.98,3/30/2014,1.65,392,314
Indonesia,Karimujawa,Genting_Captains_house_point,-5.84308,110.61272,tropical,15,432,Acropora,table,4/24/2012,6.39,5/19/2013,91,3/31/2014,661.34,390,316
Indonesia,Karimujawa,Genting_Captains_house_point,-5.84308,110.61272,tropical,15,433,Acropora,table,4/24/2012,3.03,5/19/2013,32.82,3/31/2014,94.87,390,316
Indonesia,Karimujawa,Genting_Captains_house_point,-5.84308,110.61272,tropical,15,434,Acropora,table,4/24/2012,1.61,5/19/2013,6.25,3/31/2014,40.97,390,316
Indonesia,Karimujawa,Genting_Captains_house_point,-5.84308,110.61272,tropical,15,435,Acropora,table,4/24/2012,3.58,5/19/2013,37.28,3/31/2014,176.39,390,316
Indonesia,Karimujawa,Genting_Captains_house_point,-5.84308,110.61272,tropical,15,436,Pocillopora,bushy,4/24/2012,0.69,5/19/2013,9.66,3/31/2014,41.72,390,316
Indonesia,Karimujawa,Genting_Captains_house_point,-5.84308,110.61272,tropical,15,437,Pocillopora,bushy,4/24/2012,0.14,5/19/2013,0,3/31/2014,0,390,316
Indonesia,Karimujawa,Genting_Captains_house_point,-5.84308,110.61272,tropical,15,438,Pocillopora,bushy,4/24/2012,0.13,5/19/2013,0,3/31/2014,0,390,316
Indonesia,Karimujawa,Genting_Captains_house_point,-5.84308,110.61272,tropical,16,439,Acropora,table,4/24/2012,5.54,5/19/2013,73.36,3/31/2014,477.96,390,316
Indonesia,Karimujawa,Genting_Captains_house_point,-5.84308,110.61272,tropical,16,440,Acropora,table,4/24/2012,16.67,5/19/2013,509.27,3/31/2014,673.61,390,316
Indonesia,Karimujawa,Genting_Captains_house_point,-5.84308,110.61272,tropical,17,441,Pocillopora,bushy,4/24/2012,7.08,5/19/2013,52.18,3/31/2014,124.74,390,316
Indonesia,Karimujawa,Genting_Captains_house_point,-5.84308,110.61272,tropical,17,442,Pocillopora,bushy,4/24/2012,2.73,5/19/2013,28.32,3/31/2014,89.48,390,316
Indonesia,Karimujawa,Genting_Captains_house_point,-5.84308,110.61272,tropical,18,443,Acropora,table,4/24/2012,6.85,5/19/2013,22.62,3/31/2014,253.01,390,316
Indonesia,Karimujawa,Genting_Captains_house_point,-5.84308,110.61272,tropical,18,444,Acropora,table,4/24/2012,4.67,5/19/2013,33.81,3/31/2014,310.22,390,316
Indonesia,Karimujawa,Genting_Captains_house_point,-5.84308,110.61272,tropical,18,445,Acropora,table,4/24/2012,2.43,5/19/2013,0,3/31/2014,0,390,316
Indonesia,Karimujawa,Genting_Captains_house_point,-5.84308,110.61272,tropical,18,446,Acropora,table,4/24/2012,4.85,5/19/2013,0,3/31/2014,0,390,316
Indonesia,Karimujawa,Genting_Captains_house_point,-5.84308,110.61272,tropical,18,447,Porites,encrusting,4/24/2012,1.18,5/19/2013,0,3/31/2014,0,390,316
Indonesia,Karimujawa,Genting_Captains_house_point,-5.84308,110.61272,tropical,19,448,Acropora,table,4/24/2012,3.22,5/19/2013,9.47,3/31/2014,70.51,390,316
Indonesia,Karimujawa,Genting_Captains_house_point,-5.84308,110.61272,tropical,19,449,Acropora,table,4/24/2012,25.55,5/19/2013,223.11,3/31/2014,536.65,390,316
Indonesia,Karimujawa,Genting_Captains_house_point,-5.84308,110.61272,tropical,19,450,Acropora,table,4/24/2012,1.86,5/19/2013,0,3/31/2014,0,390,316
Indonesia,Karimujawa,Genting_Captains_house_point,-5.84308,110.61272,tropical,19,451,Acropora,table,4/24/2012,9.25,5/19/2013,20.28,3/31/2014,49.73,390,316
Indonesia,Karimujawa,Genting_Captains_house_point,-5.84308,110.61272,tropical,19,452,Pocillopora,bushy,4/24/2012,4.48,5/19/2013,0,3/31/2014,0,390,316
Indonesia,Karimujawa,Genting_Captains_house_point,-5.84308,110.61272,tropical,19,453,Acropora,table,4/24/2012,1.25,5/19/2013,8.06,3/31/2014,0,390,316
Indonesia,Karimujawa,Genting_Captains_house_point,-5.84308,110.61272,tropical,19,454,Acropora,table,4/24/2012,0.7,5/19/2013,0,3/31/2014,0,390,316
Indonesia,Karimujawa,Genting_Captains_house_point,-5.84308,110.61272,tropical,19,455,Acropora,table,4/24/2012,4.35,5/19/2013,6.4,3/31/2014,0,390,316
Indonesia,Karimujawa,Genting_Captains_house_point,-5.84308,110.61272,tropical,21,456,Acropora,table,4/24/2012,8.06,5/19/2013,56.61,3/31/2014,261.56,390,316
Indonesia,Karimujawa,Genting_Captains_house_point,-5.84308,110.61272,tropical,21,457,Acropora,table,4/24/2012,3.64,5/19/2013,73.29,3/31/2014,194.52,390,316
Indonesia,Karimujawa,Genting_Captains_house_point,-5.84308,110.61272,tropical,21,458,Acropora,table,4/24/2012,2,5/19/2013,23.18,3/31/2014,76,390,316
Indonesia,Karimujawa,Genting_Captains_house_point,-5.84308,110.61272,tropical,21,459,Acropora,table,4/24/2012,2.5,5/19/2013,18.7,3/31/2014,37.03,390,316
Indonesia,Karimujawa,Genting_Captains_house_point,-5.84308,110.61272,tropical,21,460,Acropora,table,4/24/2012,1.1,5/19/2013,11.01,3/31/2014,132.29,390,316
Indonesia,Karimujawa,Genting_Captains_house_point,-5.84308,110.61272,tropical,21,461,Acropora,table,4/24/2012,4.46,5/19/2013,0,3/31/2014,0,390,316
Indonesia,Karimujawa,Genting_Captains_house_point,-5.84308,110.61272,tropical,21,462,Acropora,table,4/24/2012,2.03,5/19/2013,48.32,3/31/2014,256.82,390,316
Indonesia,Karimujawa,Genting_Captains_house_point,-5.84308,110.61272,tropical,21,463,Acropora,table,4/24/2012,3.22,5/19/2013,48.49,3/31/2014,113.63,390,316
Indonesia,Karimujawa,Genting_Captains_house_point,-5.84308,110.61272,tropical,21,464,Acropora,table,4/24/2012,1.31,5/19/2013,11.77,3/31/2014,35.07,390,316
Indonesia,Karimujawa,Genting_Captains_house_point,-5.84308,110.61272,tropical,21,465,Acropora,table,4/24/2012,1.32,5/19/2013,0,3/31/2014,0,390,316
Indonesia,Karimujawa,Genting_Captains_house_point,-5.84308,110.61272,tropical,21,466,Acropora,table,4/24/2012,2.83,5/19/2013,54.21,3/31/2014,204.42,390,316
Indonesia,Karimujawa,Genting_Captains_house_point,-5.84308,110.61272,tropical,21,467,Acropora,table,4/24/2012,2.44,5/19/2013,15.42,3/31/2014,34.83,390,316
Indonesia,Karimujawa,Genting_Captains_house_point,-5.84308,110.61272,tropical,21,468,Acropora,table,4/24/2012,3.43,5/19/2013,30.1,3/31/2014,168.99,390,316
Indonesia,Karimujawa,Genting_Captains_house_point,-5.84308,110.61272,tropical,21,469,Acropora,table,4/24/2012,1.03,5/19/2013,0,3/31/2014,0,390,316
Indonesia,Karimujawa,Genting_Captains_house_point,-5.84308,110.61272,tropical,21,470,Acropora,table,4/24/2012,2.37,5/19/2013,65.54,3/31/2014,283.81,390,316
Indonesia,Karimujawa,Genting_Captains_house_point,-5.84308,110.61272,tropical,21,471,Acropora,table,4/24/2012,1.91,5/19/2013,78.58,3/31/2014,395.64,390,316
Indonesia,Karimujawa,Genting_Captains_house_point,-5.84308,110.61272,tropical,21,472,Acropora,table,4/24/2012,2.25,5/19/2013,5.41,3/31/2014,0,390,316
Indonesia,Karimujawa,Genting_Captains_house_point,-5.84308,110.61272,tropical,21,473,Pocillopora,bushy,4/24/2012,10.64,5/19/2013,44.66,3/31/2014,61.6,390,316
Indonesia,Karimujawa,Genting_Captains_house_point,-5.84308,110.61272,tropical,21,474,Pocillopora,bushy,4/24/2012,20.89,5/19/2013,107.25,3/31/2014,215.07,390,316
Indonesia,Karimujawa,Genting_Captains_house_point,-5.84308,110.61272,tropical,21,475,Acropora,table,4/24/2012,0.49,5/19/2013,15.41,3/31/2014,103.02,390,316
Indonesia,Karimujawa,Genting_Captains_house_point,-5.84308,110.61272,tropical,21,476,Acropora,table,4/24/2012,2.33,5/19/2013,16.29,3/31/2014,0,390,316
Indonesia,Karimujawa,Genting_Captains_house_point,-5.84308,110.61272,tropical,21,477,Acropora,table,4/24/2012,2.55,5/19/2013,0,3/31/2014,0,390,316
Indonesia,Karimujawa,Genting_Captains_house_point,-5.84308,110.61272,tropical,21,478,Acropora,table,4/24/2012,4.34,5/19/2013,0,3/31/2014,0,390,316
Indonesia,Karimujawa,Genting_Captains_house_point,-5.84308,110.61272,tropical,21,479,Acropora,table,4/24/2012,0.7,5/19/2013,15.44,3/31/2014,114.52,390,316
Indonesia,Karimujawa,Genting_Captains_house_point,-5.84308,110.61272,tropical,21,480,Acropora,table,4/24/2012,0,5/19/2013,138.58,3/31/2014,298.05,390,316
Indonesia,Karimujawa,Genting_Captains_house_point,-5.84308,110.61272,tropical,23,481,Porites,encrusting,4/24/2012,44.88,5/19/2013,72.9,3/31/2014,86.34,390,316
Indonesia,Karimujawa,Genting_Captains_house_point,-5.84308,110.61272,tropical,23,482,Porites,encrusting,4/24/2012,8.08,5/19/2013,15.34,3/31/2014,0,390,316
Indonesia,Karimujawa,Genting_Captains_house_point,-5.84308,110.61272,tropical,27,483,Acropora,table,4/24/2012,5.98,5/19/2013,31.99,3/31/2014,53,390,316
Indonesia,Karimujawa,Genting_Captains_house_point,-5.84308,110.61272,tropical,27,484,Pocillopora,bushy,4/24/2012,1.27,5/19/2013,9.48,3/31/2014,54.43,390,316
Indonesia,Karimujawa,Genting_Captains_house_point,-5.84308,110.61272,tropical,29,485,Acropora,branching,4/24/2012,17.25,5/19/2013,218.83,3/31/2014,534.86,390,316
Indonesia,Karimujawa,Genting_Captains_house_point,-5.84308,110.61272,tropical,29,486,Favites,encrusting,4/24/2012,9.68,5/19/2013,15.9,3/31/2014,27.97,390,316
Indonesia,Karimujawa,Genting_Captains_house_point,-5.84308,110.61272,tropical,29,487,Favites,encrusting,4/24/2012,11.06,5/19/2013,21.78,3/31/2014,19.09,390,316
Indonesia,Karimujawa,Genting_Captains_house_point,-5.84308,110.61272,tropical,29,488,Porites,encrusting,4/24/2012,1.73,5/19/2013,8.1,3/31/2014,0,390,316
Indonesia,Karimujawa,Genting_Captains_house_point,-5.84308,110.61272,tropical,29,489,Dipsastraea,encrusting,4/24/2012,1.97,5/19/2013,0,3/31/2014,0,390,316
Indonesia,Karimujawa,Genting_Captains_house_point,-5.84308,110.61272,tropical,29,490,Acropora,table,4/24/2012,1.48,5/19/2013,0,3/31/2014,0,390,316
Indonesia,Karimujawa,Genting_Captains_house_point,-5.84308,110.61272,tropical,29,491,Porites,encrusting,4/24/2012,1.04,5/19/2013,0,3/31/2014,0,390,316
Indonesia,Karimujawa,Genting_Captains_house_point,-5.84308,110.61272,tropical,30,492,Acropora,table,4/24/2012,46.89,5/19/2013,218.99,3/31/2014,657.18,390,316
Indonesia,Karimujawa,Genting_Captains_house_point,-5.84308,110.61272,tropical,30,493,Acropora,table,4/24/2012,6.63,5/19/2013,103.73,3/31/2014,481.04,390,316
Indonesia,Karimujawa,Genting_Captains_house_point,-5.84308,110.61272,tropical,30,494,Acropora,table,4/24/2012,215.99,5/19/2013,471.58,3/31/2014,653.83,390,316
Indonesia,Karimujawa,Genting_Captains_house_point,-5.84308,110.61272,tropical,30,495,Pocillopora,bushy,4/24/2012,21.83,5/19/2013,95.65,3/31/2014,87.81,390,316
Indonesia,Karimujawa,Genting_Captains_house_point,-5.84308,110.61272,tropical,30,496,Acropora,table,4/24/2012,161.71,5/19/2013,0,3/31/2014,0,390,316
Indonesia,Karimujawa,Genting_Captains_house_point,-5.84308,110.61272,tropical,30,497,Dipsastraea,encrusting,4/24/2012,0.69,5/19/2013,0,3/31/2014,0,390,316
Indonesia,Karimujawa,Genting_Captains_house_point,-5.84308,110.61272,tropical,30,498,Favites,encrusting,4/24/2012,4.21,5/19/2013,11.39,3/31/2014,0,390,316
Indonesia,Karimujawa,Genting_Captains_house_point,-5.84308,110.61272,tropical,30,499,Acropora,table,4/24/2012,1.09,5/19/2013,0,3/31/2014,0,390,316
Indonesia,Karimujawa,Genting_Captains_house_point,-5.84308,110.61272,tropical,30,500,Favites,encrusting,4/24/2012,1.7,5/19/2013,0,3/31/2014,0,390,316
Indonesia,Karimujawa,Genting_Captains_house_point,-5.84308,110.61272,tropical,30,501,Acropora,table,4/24/2012,1.42,5/19/2013,0,3/31/2014,0,390,316
Indonesia,Karimujawa,Genting_Captains_house_point,-5.84308,110.61272,tropical,30,502,Dipsastraea,encrusting,4/24/2012,0,5/19/2013,4.51,3/31/2014,3.49,390,316
Indonesia,Karimujawa,Genting_Captains_house_point,-5.84308,110.61272,tropical,31,503,Acropora,table,4/24/2012,6.38,5/19/2013,40.03,3/31/2014,294.85,390,316
Indonesia,Karimujawa,Genting_Captains_house_point,-5.84308,110.61272,tropical,31,504,Acropora,table,4/24/2012,6.57,5/19/2013,38.97,3/31/2014,179.87,390,316
Indonesia,Karimujawa,Genting_Captains_house_point,-5.84308,110.61272,tropical,31,505,Pocillopora,bushy,4/24/2012,3.06,5/19/2013,9.98,3/31/2014,56.54,390,316
Indonesia,Karimujawa,Genting_Captains_house_point,-5.84308,110.61272,tropical,31,506,Acropora,table,4/24/2012,1.65,5/19/2013,7.25,3/31/2014,20.24,390,316
Indonesia,Karimujawa,Genting_Captains_house_point,-5.84308,110.61272,tropical,31,507,Acropora,table,4/24/2012,2.79,5/19/2013,5.03,3/31/2014,9.69,390,316
Indonesia,Karimujawa,Genting_Captains_house_point,-5.84308,110.61272,tropical,31,508,Acropora,table,4/24/2012,1.34,5/19/2013,0,3/31/2014,0,390,316
Indonesia,Karimujawa,Genting_Captains_house_point,-5.84308,110.61272,tropical,33,509,Acropora,table,4/24/2012,2.63,5/19/2013,0,3/31/2014,0,390,316
Indonesia,Karimujawa,Genting_Captains_house_point,-5.84308,110.61272,tropical,33,510,Acropora,table,4/24/2012,1.69,5/19/2013,12.58,3/31/2014,116.31,390,316
Indonesia,Karimujawa,Genting_Captains_house_point,-5.84308,110.61272,tropical,33,511,Acropora,table,4/24/2012,1.18,5/19/2013,0,3/31/2014,0,390,316
Indonesia,Karimujawa,Genting_Captains_house_point,-5.84308,110.61272,tropical,33,512,Acropora,table,4/24/2012,3.81,5/19/2013,25.64,3/31/2014,139.05,390,316
Indonesia,Karimujawa,Genting_Captains_house_point,-5.84308,110.61272,tropical,33,513,Porites,encrusting,4/24/2012,1.15,5/19/2013,0,3/31/2014,0,390,316
Indonesia,Karimujawa,Genting_Captains_house_point,-5.84308,110.61272,tropical,46,514,Pocillopora,bushy,4/24/2012,3.73,5/19/2013,59.73,3/31/2014,153.93,390,316
Indonesia,Karimujawa,Genting_Captains_house_point,-5.84308,110.61272,tropical,46,515,Porites,encrusting,4/24/2012,1.05,5/19/2013,0,3/31/2014,0,390,316
Indonesia,Karimujawa,Genting_Captains_house_point,-5.84308,110.61272,tropical,46,516,Acropora,table,4/24/2012,2.65,5/19/2013,0,3/31/2014,0,390,316
Indonesia,Karimujawa,Genting_Captains_house_point,-5.84308,110.61272,tropical,46,517,Acropora,table,4/24/2012,2.38,5/19/2013,9.53,3/31/2014,56.12,390,316
Indonesia,Karimujawa,Genting_Captains_house_point,-5.84308,110.61272,tropical,46,518,Acropora,table,4/24/2012,0.83,5/19/2013,0,3/31/2014,0,390,316
Indonesia,Karimujawa,Genting_Captains_house_point,-5.84308,110.61272,tropical,47,519,Acropora,table,4/24/2012,9.6,5/19/2013,18.6,3/31/2014,49.34,390,316
Indonesia,Karimujawa,Genting_Captains_house_point,-5.84308,110.61272,tropical,47,520,Porites,encrusting,4/24/2012,1.78,5/19/2013,9.14,3/31/2014,20.56,390,316
Indonesia,Karimujawa,Genting_Captains_house_point,-5.84308,110.61272,tropical,47,521,Acropora,table,4/24/2012,5.8,5/19/2013,5.93,3/31/2014,0,390,316
Indonesia,Karimujawa,Genting_Captains_house_point,-5.84308,110.61272,tropical,47,522,Acropora,table,4/24/2012,2.6,5/19/2013,0,3/31/2014,0,390,316
Indonesia,Karimujawa,Genting_Captains_house_point,-5.84308,110.61272,tropical,51,523,Acropora,table,4/24/2012,9.2,5/19/2013,55.35,3/31/2014,54.22,390,316
Indonesia,Karimujawa,Genting_Captains_house_point,-5.84308,110.61272,tropical,51,524,Acropora,table,4/24/2012,5.04,5/19/2013,79.33,3/31/2014,178.76,390,316
Indonesia,Karimujawa,Genting_Captains_house_point,-5.84308,110.61272,tropical,51,525,Acropora,table,4/24/2012,5.75,5/19/2013,102.2,3/31/2014,260.14,390,316
Indonesia,Karimujawa,Genting_Captains_house_point,-5.84308,110.61272,tropical,51,526,Acropora,table,4/24/2012,4.95,5/19/2013,0,3/31/2014,0,390,316
Indonesia,Karimujawa,Genting_Captains_house_point,-5.84308,110.61272,tropical,55,527,Acropora,table,4/24/2012,7.24,5/19/2013,106.94,3/31/2014,77.53,390,316
Indonesia,Karimujawa,Genting_Captains_house_point,-5.84308,110.61272,tropical,55,528,Acropora,branching,4/24/2012,2.5,5/19/2013,99.02,3/31/2014,61.56,390,316
Indonesia,Karimujawa,Genting_Captains_house_point,-5.84308,110.61272,tropical,55,529,Acropora,table,4/24/2012,1.37,5/19/2013,21.58,3/31/2014,35.49,390,316
Malaysia,Pahang,Tioman,2.81666,104.13333,tropical,1,530,Acropora,table,12/28/2013,7.76,11/5/2014,60.41,NA,NA,312,NA
Malaysia,Pahang,Tioman,2.81666,104.13333,tropical,2,531,Acropora,branching,12/28/2013,62.74,11/5/2014,40.92,NA,NA,312,NA
Malaysia,Pahang,Tioman,2.81666,104.13333,tropical,2,532,Dipsastraea,encrusting,12/28/2013,21.91,11/5/2014,35.91,NA,NA,312,NA
Malaysia,Pahang,Tioman,2.81666,104.13333,tropical,2,533,Pocillopora,bushy,12/28/2013,36.13,11/5/2014,26.51,NA,NA,312,NA
Malaysia,Pahang,Tioman,2.81666,104.13333,tropical,2,534,Dipsastraea,encrusting,12/28/2013,4.42,11/5/2014,7.57,NA,NA,312,NA
Malaysia,Pahang,Tioman,2.81666,104.13333,tropical,2,535,Acropora,table,12/28/2013,22.19,11/5/2014,0,NA,NA,312,NA
Malaysia,Pahang,Tioman,2.81666,104.13333,tropical,2,536,Acropora,table,12/28/2013,0,11/5/2014,9.65,NA,NA,312,NA
Malaysia,Pahang,Tioman,2.81666,104.13333,tropical,2,537,Acropora,table,12/28/2013,0,11/5/2014,2.16,NA,NA,312,NA
Malaysia,Pahang,Tioman,2.81666,104.13333,tropical,4,538,Acropora,table,12/28/2013,81.14,11/5/2014,284.35,NA,NA,312,NA
Malaysia,Pahang,Tioman,2.81666,104.13333,tropical,4,539,Favites,encrusting,12/28/2013,3.25,11/5/2014,3.18,NA,NA,312,NA
Malaysia,Pahang,Tioman,2.81666,104.13333,tropical,4,540,Acropora,table,12/28/2013,10.65,11/5/2014,0,NA,NA,312,NA
Malaysia,Pahang,Tioman,2.81666,104.13333,tropical,5,541,Acropora,table,12/28/2013,0.67,11/5/2014,7.55,NA,NA,312,NA
Malaysia,Pahang,Tioman,2.81666,104.13333,tropical,5,542,Porites,encrusting,12/28/2013,37.4,11/5/2014,45.37,NA,NA,312,NA
Malaysia,Pahang,Tioman,2.81666,104.13333,tropical,6,543,Acropora,table,12/28/2013,5.05,11/5/2014,69.12,NA,NA,312,NA
Malaysia,Pahang,Tioman,2.81666,104.13333,tropical,6,544,Acropora,table,12/28/2013,0,11/5/2014,10.94,NA,NA,312,NA
Malaysia,Pahang,Tioman,2.81666,104.13333,tropical,9,545,Porites,encrusting,12/28/2013,1.41,11/5/2014,2.21,NA,NA,312,NA
Malaysia,Pahang,Tioman,2.81666,104.13333,tropical,11,546,Acropora,table,12/28/2013,108.01,11/5/2014,284.95,NA,NA,312,NA
Malaysia,Pahang,Tioman,2.81666,104.13333,tropical,11,547,Acropora,table,12/28/2013,5.13,11/5/2014,3.86,NA,NA,312,NA
Malaysia,Pahang,Tioman,2.81666,104.13333,tropical,12,548,Favites,encrusting,12/28/2013,2.45,11/5/2014,5.84,NA,NA,312,NA
Malaysia,Pahang,Tioman,2.81666,104.13333,tropical,12,549,Favites,encrusting,12/28/2013,1.74,11/5/2014,0,NA,NA,312,NA
Malaysia,Pahang,Tioman,2.81666,104.13333,tropical,15,550,Dipsastraea,encrusting,12/28/2013,4.98,11/5/2014,8.95,NA,NA,312,NA
Malaysia,Pahang,Tioman,2.81666,104.13333,tropical,15,551,Favites,encrusting,12/28/2013,3.81,11/5/2014,3.7,NA,NA,312,NA
Malaysia,Pahang,Tioman,2.81666,104.13333,tropical,16,552,Acropora,table,12/28/2013,20.4,11/5/2014,95.92,NA,NA,312,NA
Malaysia,Pahang,Tioman,2.81666,104.13333,tropical,16,553,Favites,encrusting,12/28/2013,46.69,11/5/2014,41.71,NA,NA,312,NA
Malaysia,Pahang,Tioman,2.81666,104.13333,tropical,16,554,Favites,encrusting,12/28/2013,5.74,11/5/2014,6.07,NA,NA,312,NA
Malaysia,Pahang,Tioman,2.81666,104.13333,tropical,16,555,Acropora,branching,12/28/2013,66.41,11/5/2014,73.28,NA,NA,312,NA
Malaysia,Pahang,Tioman,2.81666,104.13333,tropical,18,556,Pocillopora,bushy,12/28/2013,109.73,11/5/2014,221.63,NA,NA,312,NA
Malaysia,Pahang,Tioman,2.81666,104.13333,tropical,18,557,Pocillopora,bushy,12/28/2013,14.64,11/5/2014,127.27,NA,NA,312,NA
Malaysia,Pahang,Tioman,2.81666,104.13333,tropical,18,558,Acropora,branching,12/28/2013,5.21,11/5/2014,41.6,NA,NA,312,NA
Malaysia,Pahang,Tioman,2.81666,104.13333,tropical,18,559,Acropora,table,12/28/2013,13.87,11/5/2014,79.9,NA,NA,312,NA
Malaysia,Pahang,Tioman,2.81666,104.13333,tropical,18,560,Acropora,table,12/28/2013,34.3,11/5/2014,115.74,NA,NA,312,NA
Malaysia,Pahang,Tioman,2.81666,104.13333,tropical,18,561,Pocillopora,bushy,12/28/2013,26.52,11/5/2014,65.16,NA,NA,312,NA
Malaysia,Pahang,Tioman,2.81666,104.13333,tropical,18,562,Acropora,table,12/28/2013,18.72,11/5/2014,83.87,NA,NA,312,NA
Malaysia,Pahang,Tioman,2.81666,104.13333,tropical,18,563,Acropora,table,12/28/2013,6.21,11/5/2014,71.86,NA,NA,312,NA
Malaysia,Pahang,Tioman,2.81666,104.13333,tropical,18,564,Acropora,branching,12/28/2013,4.53,11/5/2014,46.14,NA,NA,312,NA
Malaysia,Pahang,Tioman,2.81666,104.13333,tropical,18,565,Pocillopora,bushy,12/28/2013,10.33,11/5/2014,50.57,NA,NA,312,NA
Malaysia,Pahang,Tioman,2.81666,104.13333,tropical,18,566,Acropora,table,12/28/2013,14.79,11/5/2014,19.05,NA,NA,312,NA
Malaysia,Pahang,Tioman,2.81666,104.13333,tropical,18,567,Favites,encrusting,12/28/2013,3.73,11/5/2014,8.69,NA,NA,312,NA
Malaysia,Pahang,Tioman,2.81666,104.13333,tropical,18,568,Pocillopora,bushy,12/28/2013,1.21,11/5/2014,6.79,NA,NA,312,NA
Malaysia,Pahang,Tioman,2.81666,104.13333,tropical,18,569,Porites,encrusting,12/28/2013,1.66,11/5/2014,11.26,NA,NA,312,NA
Malaysia,Pahang,Tioman,2.81666,104.13333,tropical,20,570,Acropora,table,12/28/2013,15.89,11/5/2014,105.56,NA,NA,312,NA
Malaysia,Pahang,Tioman,2.81666,104.13333,tropical,20,571,Pocillopora,bushy,12/28/2013,7.66,11/5/2014,41.2,NA,NA,312,NA
Malaysia,Pahang,Tioman,2.81666,104.13333,tropical,20,572,Dipsastraea,encrusting,12/28/2013,12.43,11/5/2014,23.1,NA,NA,312,NA
Malaysia,Pahang,Tioman,2.81666,104.13333,tropical,20,573,Acropora,branching,12/28/2013,18.66,11/5/2014,0,NA,NA,312,NA
Malaysia,Pahang,Tioman,2.81666,104.13333,tropical,20,574,Acropora,branching,12/28/2013,0,11/5/2014,8.2,NA,NA,312,NA
Malaysia,Pahang,Tioman,2.81666,104.13333,tropical,22,575,Acropora,table,12/28/2013,74.13,11/5/2014,372.15,NA,NA,312,NA
Malaysia,Pahang,Tioman,2.81666,104.13333,tropical,22,576,Acropora,table,12/28/2013,1.65,11/5/2014,9.19,NA,NA,312,NA
Malaysia,Pahang,Tioman,2.81666,104.13333,tropical,22,577,Acropora,branching,12/28/2013,133.17,11/5/2014,220,NA,NA,312,NA
Malaysia,Pahang,Tioman,2.81666,104.13333,tropical,31,578,Pocillopora,bushy,12/28/2013,11.57,11/5/2014,0,NA,NA,312,NA
Malaysia,Pahang,Tioman,2.81666,104.13333,tropical,31,579,Porites,encrusting,12/28/2013,0,11/5/2014,9.85,NA,NA,312,NA
Philippines,Dumaguete,Agan-an_MPA,9.33895,123.3116,tropical,1,580,Porites,massive,3/7/2012,99.53,3/7/2013,150.76,NA,NA,365,NA
Philippines,Dumaguete,Agan-an_MPA,9.33895,123.3116,tropical,1,581,Porites,branching,3/7/2012,22.2,3/7/2013,29.2,NA,NA,365,NA
Philippines,Dumaguete,Agan-an_MPA,9.33895,123.3116,tropical,1,582,Pocillopora,bushy,3/7/2012,10.12,3/7/2013,38.31,NA,NA,365,NA
Philippines,Dumaguete,Agan-an_MPA,9.33895,123.3116,tropical,1,583,Dipsastraea,massive,3/7/2012,57.11,3/7/2013,81.66,NA,NA,365,NA
Philippines,Dumaguete,Agan-an_MPA,9.33895,123.3116,tropical,1,584,Favites,encrusting,3/7/2012,14.9,3/7/2013,33.66,NA,NA,365,NA
Philippines,Dumaguete,Agan-an_MPA,9.33895,123.3116,tropical,5,585,Pocillopora,bushy,3/7/2012,2.89,3/7/2013,15.35,NA,NA,365,NA
Philippines,Dumaguete,Agan-an_MPA,9.33895,123.3116,tropical,6,586,Favites,encrusting,3/7/2012,60.28,3/7/2013,56.81,NA,NA,365,NA
Philippines,Dumaguete,Agan-an_MPA,9.33895,123.3116,tropical,6,587,Pocillopora,bushy,3/7/2012,8.43,3/7/2013,31,NA,NA,365,NA
Philippines,Dumaguete,Agan-an_MPA,9.33895,123.3116,tropical,6,588,Porites,branching,3/7/2012,10.1,3/7/2013,37.62,NA,NA,365,NA
Philippines,Dumaguete,Agan-an_MPA,9.33895,123.3116,tropical,6,589,Pocillopora,bushy,3/7/2012,156.75,3/7/2013,285.85,NA,NA,365,NA
Philippines,Dumaguete,Agan-an_MPA,9.33895,123.3116,tropical,6,590,Favites,encrusting,3/7/2012,14.23,3/7/2013,33.04,NA,NA,365,NA
Philippines,Dumaguete,Agan-an_MPA,9.33895,123.3116,tropical,6,591,Dipsastraea,encrusting,3/7/2012,24.19,3/7/2013,20.17,NA,NA,365,NA
Philippines,Dumaguete,Agan-an_MPA,9.33895,123.3116,tropical,6,592,Pocillopora,bushy,3/7/2012,5.39,3/7/2013,10.21,NA,NA,365,NA
Philippines,Dumaguete,Agan-an_MPA,9.33895,123.3116,tropical,7,593,Favites,encrusting,3/7/2012,19.2,3/7/2013,26.38,NA,NA,365,NA
Philippines,Dumaguete,Agan-an_MPA,9.33895,123.3116,tropical,7,594,Dipsastraea,encrusting,3/7/2012,1.02,3/7/2013,4.18,NA,NA,365,NA
Philippines,Dumaguete,Agan-an_MPA,9.33895,123.3116,tropical,7,595,Pocillopora,bushy,3/7/2012,9.01,3/7/2013,0,NA,NA,365,NA
Philippines,Dumaguete,Agan-an_MPA,9.33895,123.3116,tropical,8,596,Dipsastraea,encrusting,3/7/2012,95.72,3/7/2013,80.6,NA,NA,365,NA
Philippines,Dumaguete,Agan-an_MPA,9.33895,123.3116,tropical,8,597,Pocillopora,bushy,3/7/2012,35.23,3/7/2013,56.36,NA,NA,365,NA
Philippines,Dumaguete,Agan-an_MPA,9.33895,123.3116,tropical,8,598,Favites,encrusting,3/7/2012,3.51,3/7/2013,12.06,NA,NA,365,NA
Philippines,Dumaguete,Agan-an_MPA,9.33895,123.3116,tropical,8,599,Porites,encrusting,3/7/2012,0.82,3/7/2013,2.29,NA,NA,365,NA
Philippines,Dumaguete,Agan-an_MPA,9.33895,123.3116,tropical,8,600,Porites,encrusting,3/7/2012,6.1,3/7/2013,5.62,NA,NA,365,NA
Philippines,Dumaguete,Agan-an_MPA,9.33895,123.3116,tropical,8,601,Porites,branching,3/7/2012,59.41,3/7/2013,0,NA,NA,365,NA
Philippines,Dumaguete,Agan-an_MPA,9.33895,123.3116,tropical,9,602,Acropora,corymbose,3/7/2012,20.79,3/7/2013,31.42,NA,NA,365,NA
Philippines,Dumaguete,Agan-an_MPA,9.33895,123.3116,tropical,9,603,Pocillopora,bushy,3/7/2012,0.99,3/7/2013,6.81,NA,NA,365,NA
Philippines,Dumaguete,Agan-an_MPA,9.33895,123.3116,tropical,9,604,Favites,encrusting,3/7/2012,104.7,3/7/2013,112.81,NA,NA,365,NA
Philippines,Dumaguete,Agan-an_MPA,9.33895,123.3116,tropical,9,605,Favites,encrusting,3/7/2012,3.61,3/7/2013,4.69,NA,NA,365,NA
Philippines,Dumaguete,Agan-an_MPA,9.33895,123.3116,tropical,9,606,Favites,encrusting,3/7/2012,6.02,3/7/2013,5.38,NA,NA,365,NA
Philippines,Dumaguete,Agan-an_MPA,9.33895,123.3116,tropical,9,607,Favites,encrusting,3/7/2012,57.71,3/7/2013,53.26,NA,NA,365,NA
Philippines,Dumaguete,Agan-an_MPA,9.33895,123.3116,tropical,9,608,Favites,encrusting,3/7/2012,5.91,3/7/2013,10.07,NA,NA,365,NA
Philippines,Dumaguete,Agan-an_MPA,9.33895,123.3116,tropical,9,609,Favites,encrusting,3/7/2012,69.95,3/7/2013,70.13,NA,NA,365,NA
Philippines,Dumaguete,Agan-an_MPA,9.33895,123.3116,tropical,9,610,Dipsastraea,encrusting,3/7/2012,3.47,3/7/2013,7.83,NA,NA,365,NA
Philippines,Dumaguete,Agan-an_MPA,9.33895,123.3116,tropical,9,611,Dipsastraea,encrusting,3/7/2012,13.14,3/7/2013,0,NA,NA,365,NA
Philippines,Dumaguete,Agan-an_MPA,9.33895,123.3116,tropical,9,612,Porites,encrusting,3/7/2012,62.3,3/7/2013,0,NA,NA,365,NA
Philippines,Dumaguete,Agan-an_MPA,9.33895,123.3116,tropical,9,613,Pocillopora,bushy,3/7/2012,118.63,3/7/2013,0,NA,NA,365,NA
Philippines,Dumaguete,Agan-an_MPA,9.33895,123.3116,tropical,9,614,Dipsastraea,encrusting,3/7/2012,3.34,3/7/2013,20.9,NA,NA,365,NA
Philippines,Dumaguete,Agan-an_MPA,9.33895,123.3116,tropical,10,615,Favites,encrusting,3/7/2012,175.84,3/7/2013,215.72,NA,NA,365,NA
Philippines,Dumaguete,Agan-an_MPA,9.33895,123.3116,tropical,10,616,Pocillopora,bushy,3/7/2012,1.21,3/7/2013,10.8,NA,NA,365,NA
Philippines,Dumaguete,Agan-an_MPA,9.33895,123.3116,tropical,10,617,Favites,encrusting,3/7/2012,2.74,3/7/2013,4.94,NA,NA,365,NA
Philippines,Dumaguete,Agan-an_MPA,9.33895,123.3116,tropical,10,618,Favites,encrusting,3/7/2012,5.84,3/7/2013,5.55,NA,NA,365,NA
Philippines,Dumaguete,Agan-an_MPA,9.33895,123.3116,tropical,10,619,Porites,branching,3/7/2012,72.67,3/7/2013,0,NA,NA,365,NA
Philippines,Dumaguete,Agan-an_MPA,9.33895,123.3116,tropical,10,620,Pocillopora,bushy,3/7/2012,197.65,3/7/2013,0,NA,NA,365,NA
Philippines,Dumaguete,Agan-an_MPA,9.33895,123.3116,tropical,10,621,Pocillopora,bushy,3/7/2012,125.18,3/7/2013,0,NA,NA,365,NA
Philippines,Dumaguete,Agan-an_MPA,9.33895,123.3116,tropical,11,622,Favites,encrusting,3/7/2012,30.51,3/7/2013,37.77,NA,NA,365,NA
Philippines,Dumaguete,Agan-an_MPA,9.33895,123.3116,tropical,12,623,Favites,encrusting,3/7/2012,86.18,3/7/2013,102.15,NA,NA,365,NA
Philippines,Dumaguete,Agan-an_MPA,9.33895,123.3116,tropical,12,624,Favites,encrusting,3/7/2012,3.23,3/7/2013,7.27,NA,NA,365,NA
Philippines,Dumaguete,Agan-an_MPA,9.33895,123.3116,tropical,12,625,Porites,encrusting,3/7/2012,15.75,3/7/2013,6.02,NA,NA,365,NA
Philippines,Dumaguete,Agan-an_MPA,9.33895,123.3116,tropical,12,626,Favites,encrusting,3/7/2012,95.19,3/7/2013,100.6,NA,NA,365,NA
Philippines,Dumaguete,Agan-an_MPA,9.33895,123.3116,tropical,12,627,Acropora,corymbose,3/7/2012,85.35,3/7/2013,65.41,NA,NA,365,NA
Philippines,Dumaguete,Agan-an_MPA,9.33895,123.3116,tropical,12,628,Favites,encrusting,3/7/2012,12.54,3/7/2013,17.49,NA,NA,365,NA
Philippines,Dumaguete,Agan-an_MPA,9.33895,123.3116,tropical,12,629,Favites,encrusting,3/7/2012,1.18,3/7/2013,4.09,NA,NA,365,NA
Philippines,Dumaguete,Agan-an_MPA,9.33895,123.3116,tropical,12,630,Porites,branching,3/7/2012,80.16,3/7/2013,0,NA,NA,365,NA
Philippines,Dumaguete,Agan-an_MPA,9.33895,123.3116,tropical,12,631,Pocillopora,bushy,3/7/2012,17.15,3/7/2013,0,NA,NA,365,NA
Philippines,Dumaguete,Agan-an_MPA,9.33895,123.3116,tropical,12,632,Porites,branching,3/7/2012,31.62,3/7/2013,0,NA,NA,365,NA
Philippines,Dumaguete,Agan-an_MPA,9.33895,123.3116,tropical,12,633,Pocillopora,bushy,3/7/2012,209.88,3/7/2013,0,NA,NA,365,NA
Philippines,Dumaguete,Agan-an_MPA,9.33895,123.3116,tropical,13,634,Dipsastraea,encrusting,3/7/2012,44.28,3/7/2013,84.34,NA,NA,365,NA
Philippines,Dumaguete,Agan-an_MPA,9.33895,123.3116,tropical,13,635,Porites,encrusting,3/7/2012,34.85,3/7/2013,27.77,NA,NA,365,NA
Philippines,Dumaguete,Agan-an_MPA,9.33895,123.3116,tropical,13,636,Dipsastraea,encrusting,3/7/2012,17.08,3/7/2013,24.23,NA,NA,365,NA
Philippines,Dumaguete,Agan-an_MPA,9.33895,123.3116,tropical,13,637,Porites,encrusting,3/7/2012,4.23,3/7/2013,8.85,NA,NA,365,NA
Philippines,Dumaguete,Agan-an_MPA,9.33895,123.3116,tropical,13,638,Dipsastraea,encrusting,3/7/2012,2.51,3/7/2013,2.32,NA,NA,365,NA
Philippines,Dumaguete,Agan-an_MPA,9.33895,123.3116,tropical,13,639,Pocillopora,bushy,3/7/2012,19.85,3/7/2013,0,NA,NA,365,NA
Philippines,Dumaguete,Agan-an_MPA,9.33895,123.3116,tropical,15,640,Favites,encrusting,3/7/2012,14.91,3/7/2013,18.63,NA,NA,365,NA
Philippines,Dumaguete,Agan-an_MPA,9.33895,123.3116,tropical,15,641,Pocillopora,bushy,3/7/2012,0,3/7/2013,25.18,NA,NA,365,NA
Philippines,Dumaguete,Agan-an_MPA,9.33895,123.3116,tropical,16,642,Favites,encrusting,3/7/2012,61.29,3/7/2013,81.44,NA,NA,365,NA
Philippines,Dumaguete,Agan-an_MPA,9.33895,123.3116,tropical,16,643,Pocillopora,bushy,3/7/2012,13.6,3/7/2013,34.61,NA,NA,365,NA
Philippines,Dumaguete,Agan-an_MPA,9.33895,123.3116,tropical,16,644,Porites,encrusting,3/7/2012,10.13,3/7/2013,9.06,NA,NA,365,NA
Philippines,Dumaguete,Agan-an_MPA,9.33895,123.3116,tropical,17,645,Favites,encrusting,3/7/2012,17.87,3/7/2013,29.48,NA,NA,365,NA
Philippines,Dumaguete,Agan-an_MPA,9.33895,123.3116,tropical,17,646,Porites,branching,3/7/2012,3.03,3/7/2013,11.84,NA,NA,365,NA
Philippines,Dumaguete,Agan-an_MPA,9.33895,123.3116,tropical,17,647,Favites,encrusting,3/7/2012,12.26,3/7/2013,0,NA,NA,365,NA
Philippines,Dumaguete,Agan-an_MPA,9.33895,123.3116,tropical,17,648,Pocillopora,bushy,3/7/2012,6.01,3/7/2013,0,NA,NA,365,NA
Philippines,Dumaguete,Agan-an_MPA,9.33895,123.3116,tropical,18,649,Porites,encrusting,3/7/2012,1.38,3/7/2013,7.94,NA,NA,365,NA
Philippines,Dumaguete,Agan-an_MPA,9.33895,123.3116,tropical,18,650,Pocillopora,bushy,3/7/2012,10.23,3/7/2013,0,NA,NA,365,NA
Philippines,Dumaguete,Agan-an_MPA,9.33895,123.3116,tropical,19,651,Porites,massive,3/7/2012,175.68,3/7/2013,203.59,NA,NA,365,NA
Philippines,Dumaguete,Agan-an_MPA,9.33895,123.3116,tropical,19,652,Acropora,table,3/7/2012,100.16,3/7/2013,125.81,NA,NA,365,NA
Philippines,Dumaguete,Agan-an_MPA,9.33895,123.3116,tropical,19,653,Favites,encrusting,3/7/2012,64.51,3/7/2013,59.64,NA,NA,365,NA
Philippines,Dumaguete,Agan-an_MPA,9.33895,123.3116,tropical,19,654,Porites,encrusting,3/7/2012,3.91,3/7/2013,1.96,NA,NA,365,NA
Philippines,Dumaguete,Cangmating_MPA_Sibulan,9.35528,123.29971,tropical,6,655,Favites,encrusting,3/6/2012,1.71,3/6/2013,7.98,NA,NA,365,NA
Philippines,Dumaguete,Cangmating_MPA_Sibulan,9.35528,123.29971,tropical,7,656,Porites,encrusting,3/6/2012,1.79,3/6/2013,3.31,NA,NA,365,NA
Philippines,Dumaguete,Cangmating_MPA_Sibulan,9.35528,123.29971,tropical,7,657,Porites,encrusting,3/6/2012,10.15,3/6/2013,0,NA,NA,365,NA
Philippines,Dumaguete,Cangmating_MPA_Sibulan,9.35528,123.29971,tropical,7,658,Porites,encrusting,3/6/2012,0,3/6/2013,24.12,NA,NA,365,NA
Philippines,Dumaguete,Cangmating_MPA_Sibulan,9.35528,123.29971,tropical,8,659,Porites,encrusting,3/6/2012,33.94,3/6/2013,38.1,NA,NA,365,NA
Philippines,Dumaguete,Cangmating_MPA_Sibulan,9.35528,123.29971,tropical,8,660,Porites,encrusting,3/6/2012,16.42,3/6/2013,13.57,NA,NA,365,NA
Philippines,Dumaguete,Cangmating_MPA_Sibulan,9.35528,123.29971,tropical,8,661,Acropora,corymbose,3/6/2012,26.26,3/6/2013,0,NA,NA,365,NA
Philippines,Dumaguete,Cangmating_MPA_Sibulan,9.35528,123.29971,tropical,8,662,Pocillopora,bushy,3/6/2012,7.47,3/6/2013,0,NA,NA,365,NA
Philippines,Dumaguete,Cangmating_MPA_Sibulan,9.35528,123.29971,tropical,8,663,Porites,encrusting,3/6/2012,2.56,3/6/2013,0,NA,NA,365,NA
Philippines,Dumaguete,Cangmating_MPA_Sibulan,9.35528,123.29971,tropical,12,664,Dipsastraea,encrusting,3/6/2012,183.97,3/6/2013,77.16,NA,NA,365,NA
Philippines,Dumaguete,Cangmating_MPA_Sibulan,9.35528,123.29971,tropical,12,665,Favites,encrusting,3/6/2012,4.58,3/6/2013,0,NA,NA,365,NA
Philippines,Dumaguete,Cangmating_MPA_Sibulan,9.35528,123.29971,tropical,12,666,Favites,encrusting,3/6/2012,0,3/6/2013,10.16,NA,NA,365,NA
Philippines,Dumaguete,Cangmating_MPA_Sibulan,9.35528,123.29971,tropical,17,667,Favites,encrusting,3/6/2012,47.08,3/6/2013,60.74,NA,NA,365,NA
Philippines,Dumaguete,Cangmating_MPA_Sibulan,9.35528,123.29971,tropical,17,668,Porites,encrusting,3/6/2012,17.39,3/6/2013,34.29,NA,NA,365,NA
Philippines,Dumaguete,Cangmating_MPA_Sibulan,9.35528,123.29971,tropical,17,669,Dipsastraea,encrusting,3/6/2012,16.3,3/6/2013,30.35,NA,NA,365,NA
Philippines,Dumaguete,Cangmating_MPA_Sibulan,9.35528,123.29971,tropical,17,670,Pocillopora,bushy,3/6/2012,11.5,3/6/2013,0,NA,NA,365,NA
Philippines,Dumaguete,Cangmating_MPA_Sibulan,9.35528,123.29971,tropical,17,671,Dipsastraea,massive,3/6/2012,163.26,3/6/2013,0,NA,NA,365,NA
Philippines,Dumaguete,Cangmating_MPA_Sibulan,9.35528,123.29971,tropical,22,672,Dipsastraea,encrusting,3/6/2012,13.52,3/6/2013,22.58,NA,NA,365,NA
Philippines,Dumaguete,Cangmating_MPA_Sibulan,9.35528,123.29971,tropical,22,673,Porites,encrusting,3/6/2012,3.41,3/6/2013,12.86,NA,NA,365,NA
Philippines,Dumaguete,Cangmating_MPA_Sibulan,9.35528,123.29971,tropical,23,674,Porites,encrusting,3/6/2012,41.12,3/6/2013,70.93,NA,NA,365,NA
Philippines,Dumaguete,Cangmating_MPA_Sibulan,9.35528,123.29971,tropical,23,675,Favites,encrusting,3/6/2012,12.2,3/6/2013,16.81,NA,NA,365,NA
Philippines,Dumaguete,Cangmating_MPA_Sibulan,9.35528,123.29971,tropical,23,676,Porites,encrusting,3/6/2012,6.86,3/6/2013,14.62,NA,NA,365,NA
Philippines,Dumaguete,Cangmating_MPA_Sibulan,9.35528,123.29971,tropical,23,677,Porites,encrusting,3/6/2012,10.51,3/6/2013,21.37,NA,NA,365,NA
Philippines,Dumaguete,Cangmating_MPA_Sibulan,9.35528,123.29971,tropical,23,678,Porites,encrusting,3/6/2012,33.42,3/6/2013,44.3,NA,NA,365,NA
Philippines,Dumaguete,Cangmating_MPA_Sibulan,9.35528,123.29971,tropical,23,679,Porites,encrusting,3/6/2012,16.85,3/6/2013,23.96,NA,NA,365,NA
Philippines,Dumaguete,Cangmating_MPA_Sibulan,9.35528,123.29971,tropical,23,680,Porites,branching,3/6/2012,28,3/6/2013,19.16,NA,NA,365,NA
Philippines,Dumaguete,Cangmating_MPA_Sibulan,9.35528,123.29971,tropical,23,681,Porites,encrusting,3/6/2012,37.7,3/6/2013,58.48,NA,NA,365,NA
Philippines,Dumaguete,Cangmating_MPA_Sibulan,9.35528,123.29971,tropical,23,682,Porites,encrusting,3/6/2012,38.23,3/6/2013,21.51,NA,NA,365,NA
Philippines,Dumaguete,Cangmating_MPA_Sibulan,9.35528,123.29971,tropical,24,683,Porites,massive,3/6/2012,175.3,3/6/2013,266.03,NA,NA,365,NA
Philippines,Dumaguete,Cangmating_MPA_Sibulan,9.35528,123.29971,tropical,24,684,Porites,encrusting,3/6/2012,9.72,3/6/2013,17.01,NA,NA,365,NA
Philippines,Dumaguete,Cangmating_MPA_Sibulan,9.35528,123.29971,tropical,24,685,Porites,encrusting,3/6/2012,19.08,3/6/2013,20.47,NA,NA,365,NA
Philippines,Dumaguete,Cangmating_MPA_Sibulan,9.35528,123.29971,tropical,24,686,Porites,encrusting,3/6/2012,31.08,3/6/2013,22.73,NA,NA,365,NA
Philippines,Dumaguete,Cangmating_MPA_Sibulan,9.35528,123.29971,tropical,24,687,Favites,encrusting,3/6/2012,20.32,3/6/2013,21.77,NA,NA,365,NA
Philippines,Dumaguete,Cangmating_MPA_Sibulan,9.35528,123.29971,tropical,24,688,Porites,encrusting,3/6/2012,27.84,3/6/2013,47.62,NA,NA,365,NA
Philippines,Dumaguete,Cangmating_MPA_Sibulan,9.35528,123.29971,tropical,24,689,Porites,encrusting,3/6/2012,17.46,3/6/2013,47.09,NA,NA,365,NA
Philippines,Dumaguete,Cangmating_MPA_Sibulan,9.35528,123.29971,tropical,24,690,Porites,encrusting,3/6/2012,14.56,3/6/2013,21.47,NA,NA,365,NA
Philippines,Dumaguete,Cangmating_MPA_Sibulan,9.35528,123.29971,tropical,24,691,Dipsastraea,encrusting,3/6/2012,2.48,3/6/2013,3.33,NA,NA,365,NA
Philippines,Dumaguete,Cangmating_MPA_Sibulan,9.35528,123.29971,tropical,24,692,Favites,encrusting,3/6/2012,7.92,3/6/2013,12.18,NA,NA,365,NA
Philippines,Dumaguete,Cangmating_MPA_Sibulan,9.35528,123.29971,tropical,24,693,Porites,encrusting,3/6/2012,151.25,3/6/2013,201.08,NA,NA,365,NA
Philippines,Dumaguete,Cangmating_MPA_Sibulan,9.35528,123.29971,tropical,24,694,Porites,encrusting,3/6/2012,58.61,3/6/2013,63.55,NA,NA,365,NA
Philippines,Dumaguete,Cangmating_MPA_Sibulan,9.35528,123.29971,tropical,24,695,Porites,encrusting,3/6/2012,0,3/6/2013,3.18,NA,NA,365,NA
Philippines,Dumaguete,Cangmating_MPA_Sibulan,9.35528,123.29971,tropical,25,696,Favites,encrusting,3/6/2012,5.76,3/6/2013,10.69,NA,NA,365,NA
Philippines,Dumaguete,Cangmating_MPA_Sibulan,9.35528,123.29971,tropical,25,697,Acropora,table,3/6/2012,23.14,3/6/2013,0,NA,NA,365,NA
Philippines,Dumaguete,Cangmating_MPA_Sibulan,9.35528,123.29971,tropical,25,698,Acropora,table,3/6/2012,10.89,3/6/2013,0,NA,NA,365,NA
Philippines,Dumaguete,Cangmating_MPA_Sibulan,9.35528,123.29971,tropical,25,699,Acropora,table,3/6/2012,7.6,3/6/2013,0,NA,NA,365,NA
Philippines,Dumaguete,Cangmating_MPA_Sibulan,9.35528,123.29971,tropical,25,700,Dipsastraea,encrusting,3/6/2012,3.69,3/6/2013,0,NA,NA,365,NA
Philippines,Dumaguete,Cangmating_MPA_Sibulan,9.35528,123.29971,tropical,25,701,Acropora,table,3/6/2012,0,3/6/2013,11.25,NA,NA,365,NA
Japan,Amakusa,Katashima,32.150388,129.975279,temperate,2,702,Acropora,table,8/23/2012,137.98,8/2/2013,219.16,7/30/2014,396.9,344,362
Japan,Amakusa,Katashima,32.150388,129.975279,temperate,2,703,Acropora,table,8/23/2012,49.31,8/2/2013,46.05,7/30/2014,58.5,344,362
Japan,Amakusa,Katashima,32.150388,129.975279,temperate,2,704,Acropora,table,8/23/2012,26.79,8/2/2013,50.03,7/30/2014,141.44,344,362
Japan,Amakusa,Katashima,32.150388,129.975279,temperate,2,705,Acropora,table,8/23/2012,0,8/2/2013,10.69,7/30/2014,19.61,344,362
Japan,Amakusa,Katashima,32.150388,129.975279,temperate,2,706,Acropora,table,8/23/2012,0,8/2/2013,0,7/30/2014,0,344,362
Japan,Amakusa,Katashima,32.150388,129.975279,temperate,2,707,Acropora,table,8/23/2012,0,8/2/2013,0,7/30/2014,0,344,362
Japan,Amakusa,Katashima,32.150388,129.975279,temperate,2,708,Acropora,table,8/23/2012,0,8/2/2013,0,7/30/2014,0,344,362
Japan,Amakusa,Katashima,32.150388,129.975279,temperate,2,709,Acropora,table,8/23/2012,0,8/2/2013,0,7/30/2014,0,344,362
Japan,Amakusa,Katashima,32.150388,129.975279,temperate,3,710,Acropora,table,8/23/2012,360.51,8/2/2013,535.44,7/30/2014,819.25,344,362
Japan,Amakusa,Katashima,32.150388,129.975279,temperate,6,711,Acropora,table,8/23/2012,14.78,8/2/2013,20.43,7/30/2014,64.13,344,362
Japan,Amakusa,Katashima,32.150388,129.975279,temperate,6,712,Acropora,table,8/23/2012,51.9,8/2/2013,111.42,7/30/2014,247.1,344,362
Japan,Amakusa,Katashima,32.150388,129.975279,temperate,6,713,Favites,encrusting,8/23/2012,0,8/2/2013,41.79,7/30/2014,55.25,344,362
Japan,Amakusa,Katashima,32.150388,129.975279,temperate,9,714,Acropora,table,8/23/2012,126.2,8/2/2013,203.99,7/30/2014,421.15,344,362
Japan,Amakusa,Katashima,32.150388,129.975279,temperate,9,715,Acropora,table,8/23/2012,24.14,8/2/2013,69.24,7/30/2014,230.63,344,362
Japan,Amakusa,Katashima,32.150388,129.975279,temperate,10,716,Acropora,table,8/23/2012,49.83,8/2/2013,98.13,7/30/2014,327.78,344,362
Japan,Amakusa,Katashima,32.150388,129.975279,temperate,13,717,Acropora,table,8/23/2012,77.45,8/2/2013,123.96,7/30/2014,215.36,344,362
Japan,Amakusa,Katashima,32.150388,129.975279,temperate,14,718,Dipsastraea,encrusting,8/23/2012,149.29,8/2/2013,164.51,7/30/2014,190.75,344,362
Japan,Amakusa,Katashima,32.150388,129.975279,temperate,15,719,Acropora,table,8/23/2012,86.83,8/2/2013,180.43,7/30/2014,498.53,344,362
Japan,Amakusa,Katashima,32.150388,129.975279,temperate,16,720,Dipsastraea,encrusting,8/23/2012,429.68,8/2/2013,426.5,7/30/2014,453.84,344,362
Japan,Amakusa,Katashima,32.150388,129.975279,temperate,16,721,Dipsastraea,encrusting,8/23/2012,0,8/2/2013,78.39,7/30/2014,77.74,344,362
Japan,Amakusa,Katashima,32.150388,129.975279,temperate,18,722,Acropora,table,8/23/2012,78.24,8/2/2013,68.48,7/30/2014,94.26,344,362
Japan,Amakusa,Katashima,32.150388,129.975279,temperate,18,723,Acropora,table,8/23/2012,27.39,8/2/2013,53.58,7/30/2014,99.58,344,362
Japan,Amakusa,Katashima,32.150388,129.975279,temperate,18,724,Acropora,table,8/23/2012,13.62,8/2/2013,14.86,7/30/2014,17.06,344,362
Japan,Amakusa,Katashima,32.150388,129.975279,temperate,18,725,Acropora,table,8/23/2012,610.23,8/2/2013,810.18,7/30/2014,1165.27,344,362
Japan,Amakusa,Oshima,32.187311,129.968464,temperate,1,726,Acropora,table,8/6/2012,1257.94,8/1/2013,1341.79,7/29/2014,1544.53,360,362
Japan,Amakusa,Oshima,32.187311,129.968464,temperate,1,727,Dipsastraea,encrusting,8/6/2012,0,8/1/2013,0,7/29/2014,10.98,360,362
Japan,Amakusa,Oshima,32.187311,129.968464,temperate,5,728,Acropora,table,8/6/2012,154.58,8/1/2013,421.95,7/29/2014,0,360,362
Japan,Amakusa,Oshima,32.187311,129.968464,temperate,5,729,Pocillopora,bushy,8/6/2012,168.39,8/1/2013,216.54,7/29/2014,0,360,362
Japan,Amakusa,Oshima,32.187311,129.968464,temperate,5,730,Favites,encrusting,8/6/2012,133.73,8/1/2013,123.8,7/29/2014,0,360,362
Japan,Amakusa,Oshima,32.187311,129.968464,temperate,5,731,Favites,encrusting,8/6/2012,51.36,8/1/2013,65.34,7/29/2014,0,360,362
Japan,Amakusa,Oshima,32.187311,129.968464,temperate,5,732,Acropora,branching,8/6/2012,0,8/1/2013,0,7/29/2014,757.84,360,362
Japan,Amakusa,Oshima,32.187311,129.968464,temperate,5,733,Pocillopora,bushy,8/6/2012,0,8/1/2013,0,7/29/2014,229.29,360,362
Japan,Amakusa,Oshima,32.187311,129.968464,temperate,5,734,Favites,encrusting,8/6/2012,0,8/1/2013,0,7/29/2014,132.72,360,362
Japan,Amakusa,Oshima,32.187311,129.968464,temperate,5,735,Favites,encrusting,8/6/2012,0,8/1/2013,0,7/29/2014,76.76,360,362
Japan,Amakusa,Oshima,32.187311,129.968464,temperate,6,736,Acropora,table,8/6/2012,24.07,8/1/2013,49.8,7/29/2014,160.67,360,362
Japan,Amakusa,Oshima,32.187311,129.968464,temperate,6,737,Dipsastraea,encrusting,8/6/2012,2.14,8/1/2013,4.9,7/29/2014,10.94,360,362
Japan,Amakusa,Oshima,32.187311,129.968464,temperate,13,738,Acropora,table,8/6/2012,48.26,8/1/2013,131.31,7/29/2014,264.94,360,362
Japan,Amakusa,Oshima,32.187311,129.968464,temperate,14,739,Acropora,table,8/6/2012,13.66,8/1/2013,38.28,7/29/2014,80.79,360,362
Japan,Amakusa,Oshima,32.187311,129.968464,temperate,15,740,Dipsastraea,encrusting,8/6/2012,56.27,8/1/2013,63.84,7/29/2014,60.22,360,362
Japan,Amakusa,Oshima,32.187311,129.968464,temperate,17,741,Acropora,table,8/6/2012,157.59,8/1/2013,240.88,7/29/2014,258.71,360,362
Japan,Amakusa,Oshima,32.187311,129.968464,temperate,17,742,Acropora,table,8/6/2012,138.92,8/1/2013,184.06,7/29/2014,167.31,360,362
Japan,Amakusa,Oshima,32.187311,129.968464,temperate,17,743,Acropora,table,8/6/2012,30.48,8/1/2013,56.91,7/29/2014,98.59,360,362
Japan,Amakusa,Oshima,32.187311,129.968464,temperate,18,744,Dipsastraea,encrusting,8/6/2012,38.5,8/1/2013,41.43,7/29/2014,57.22,360,362
Japan,Amakusa,Oshima,32.187311,129.968464,temperate,18,745,Favites,encrusting,8/6/2012,0.65,8/1/2013,3.05,7/29/2014,5.03,360,362
Japan,Amakusa,Oshima,32.187311,129.968464,temperate,18,746,Acropora,table,8/6/2012,0,8/1/2013,10.3,7/29/2014,35.58,360,362
Japan,Amakusa,Oshima,32.187311,129.968464,temperate,19,747,Acropora,table,8/6/2012,8.61,8/1/2013,14.58,7/29/2014,28.96,360,362
Japan,Amakusa,Oshima,32.187311,129.968464,temperate,19,748,Acropora,table,8/6/2012,0,8/1/2013,1282.39,7/29/2014,1476.2,360,362
Japan,Amakusa,Oshima,32.187311,129.968464,temperate,20,749,Acropora,table,8/6/2012,676.33,8/1/2013,733.87,7/29/2014,826.73,360,362
Japan,Amakusa,Oshima,32.187311,129.968464,temperate,20,750,Dipsastraea,encrusting,8/6/2012,225.65,8/1/2013,230.4,7/29/2014,236.71,360,362
Japan,Amakusa,Oshima,32.187311,129.968464,temperate,21,751,Acropora,table,8/6/2012,16.08,8/1/2013,31.53,7/29/2014,123.44,360,362
Japan,Amakusa,Oshima,32.187311,129.968464,temperate,22,752,Dipsastraea,encrusting,8/6/2012,12.59,8/1/2013,20.09,7/29/2014,28.82,360,362
Japan,Amakusa,Oshima,32.187311,129.968464,temperate,22,753,Favites,encrusting,8/6/2012,1.63,8/1/2013,2.02,7/29/2014,6.39,360,362
Japan,Amakusa,Oshima,32.187311,129.968464,temperate,22,754,Favites,encrusting,8/6/2012,0.97,8/1/2013,1.99,7/29/2014,5.36,360,362
Japan,Amakusa,Oshima,32.187311,129.968464,temperate,23,755,Dipsastraea,encrusting,8/6/2012,159.11,8/1/2013,163.03,7/29/2014,172.03,360,362
Japan,Kochi,Nishidomari,32.77686,132.73146,temperate,1,756,Dipsastraea,encrusting,8/14/2012,64.16,8/18/2013,96.21,7/3/2014,0,369,319
Japan,Kochi,Nishidomari,32.77686,132.73146,temperate,1,757,Porites,encrusting,8/14/2012,0,8/18/2013,0.22,7/3/2014,2.39,369,319
Japan,Kochi,Nishidomari,32.77686,132.73146,temperate,2,758,Favites,encrusting,8/14/2012,1.62,8/18/2013,4.18,7/3/2014,14.86,369,319
Japan,Kochi,Nishidomari,32.77686,132.73146,temperate,2,759,Pocillopora,bushy,8/14/2012,4.51,8/18/2013,0,7/3/2014,0,369,319
Japan,Kochi,Nishidomari,32.77686,132.73146,temperate,6,760,Dipsastraea,encrusting,8/14/2012,156.13,8/18/2013,152.75,7/3/2014,167.89,369,319
Japan,Kochi,Nishidomari,32.77686,132.73146,temperate,6,761,Favites,encrusting,8/14/2012,93.67,8/18/2013,66.16,7/3/2014,84.46,369,319
Japan,Kochi,Nishidomari,32.77686,132.73146,temperate,10,762,Dipsastraea,encrusting,8/14/2012,36.05,8/18/2013,30.44,7/3/2014,42.09,369,319
Japan,Kochi,Nishidomari,32.77686,132.73146,temperate,10,763,Dipsastraea,encrusting,8/14/2012,45.21,8/18/2013,38.23,7/3/2014,52.57,369,319
Japan,Kochi,Nishidomari,32.77686,132.73146,temperate,10,764,Dipsastraea,encrusting,8/14/2012,36.06,8/18/2013,35.47,7/3/2014,0,369,319
Japan,Kochi,Nishidomari,32.77686,132.73146,temperate,10,765,Dipsastraea,encrusting,8/14/2012,12.38,8/18/2013,19.31,7/3/2014,25.01,369,319
Japan,Kochi,Nishidomari,32.77686,132.73146,temperate,10,766,Dipsastraea,encrusting,8/14/2012,20.18,8/18/2013,31.91,7/3/2014,30.41,369,319
Japan,Kochi,Nishidomari,32.77686,132.73146,temperate,10,767,Dipsastraea,encrusting,8/14/2012,175.18,8/18/2013,18.02,7/3/2014,21.48,369,319
Japan,Kochi,Nishidomari,32.77686,132.73146,temperate,10,768,Dipsastraea,encrusting,8/14/2012,20.77,8/18/2013,33.23,7/3/2014,29.93,369,319
Japan,Kochi,Nishidomari,32.77686,132.73146,temperate,10,769,Dipsastraea,encrusting,8/14/2012,32.35,8/18/2013,6.16,7/3/2014,45.74,369,319
Japan,Kochi,Nishidomari,32.77686,132.73146,temperate,11,770,Dipsastraea,encrusting,8/14/2012,7.05,8/18/2013,7.62,7/3/2014,13.84,369,319
Japan,Kochi,Nishidomari,32.77686,132.73146,temperate,11,771,Dipsastraea,encrusting,8/14/2012,12.61,8/18/2013,20.53,7/3/2014,30.61,369,319
Japan,Kochi,Nishidomari,32.77686,132.73146,temperate,11,772,Dipsastraea,encrusting,8/14/2012,16.54,8/18/2013,17.15,7/3/2014,31.75,369,319
Japan,Kochi,Nishidomari,32.77686,132.73146,temperate,11,773,Dipsastraea,encrusting,8/14/2012,15.8,8/18/2013,8.19,7/3/2014,26.28,369,319
Japan,Kochi,Nishidomari,32.77686,132.73146,temperate,11,774,Favites,encrusting,8/14/2012,27.61,8/18/2013,31.2,7/3/2014,48.32,369,319
Japan,Kochi,Nishidomari,32.77686,132.73146,temperate,11,775,Dipsastraea,encrusting,8/14/2012,8.77,8/18/2013,7.42,7/3/2014,13.2,369,319
Japan,Kochi,Nishidomari,32.77686,132.73146,temperate,11,776,Dipsastraea,encrusting,8/14/2012,22.58,8/18/2013,20.58,7/3/2014,39.04,369,319
Japan,Kochi,Nishidomari,32.77686,132.73146,temperate,14,777,Porites,encrusting,8/14/2012,8.21,8/18/2013,9.26,7/3/2014,0,369,319
Japan,Kochi,Nishidomari,32.77686,132.73146,temperate,14,778,Porites,encrusting,8/14/2012,13.07,8/18/2013,3.93,7/3/2014,21.85,369,319
Japan,Kochi,Nishidomari,32.77686,132.73146,temperate,15,779,Pocillopora,bushy,8/14/2012,3.52,8/18/2013,8.27,7/3/2014,13.1,369,319
Japan,Kochi,Nishidomari,32.77686,132.73146,temperate,15,780,Dipsastraea,encrusting,8/14/2012,32.15,8/18/2013,32.31,7/3/2014,33.49,369,319
Japan,Kochi,Nishidomari,32.77686,132.73146,temperate,15,781,Dipsastraea,encrusting,8/14/2012,80,8/18/2013,73.75,7/3/2014,0,369,319
Japan,Kochi,Nishidomari,32.77686,132.73146,temperate,18,782,Pocillopora,bushy,8/14/2012,4.8,8/18/2013,5.11,7/3/2014,0,369,319
Japan,Kochi,Nishidomari,32.77686,132.73146,temperate,19,783,Dipsastraea,encrusting,8/14/2012,37.73,8/18/2013,44.36,7/3/2014,56.35,369,319
Japan,Kochi,Nishidomari,32.77686,132.73146,temperate,19,784,Dipsastraea,encrusting,8/14/2012,57.58,8/18/2013,74.47,7/3/2014,22.75,369,319
Japan,Kochi,Nishidomari,32.77686,132.73146,temperate,19,785,Pocillopora,bushy,8/14/2012,0,8/18/2013,0,7/3/2014,4.22,369,319
Japan,Kochi,Nishidomari,32.77686,132.73146,temperate,20,786,Dipsastraea,encrusting,8/14/2012,150.34,8/18/2013,152.52,7/3/2014,169.93,369,319
Japan,Kochi,Nishidomari,32.77686,132.73146,temperate,20,787,Dipsastraea,encrusting,8/14/2012,24.59,8/18/2013,19.89,7/3/2014,29.74,369,319
Japan,Kochi,Nishidomari,32.77686,132.73146,temperate,20,788,Favites,encrusting,8/14/2012,5.36,8/18/2013,10.57,7/3/2014,22.29,369,319
Japan,Kochi,Nishidomari,32.77686,132.73146,temperate,21,789,Dipsastraea,encrusting,8/14/2012,53.25,8/18/2013,65.24,7/3/2014,95.35,369,319
Japan,Kochi,Nishidomari,32.77686,132.73146,temperate,21,790,Dipsastraea,encrusting,8/14/2012,5.64,8/18/2013,6.7,7/3/2014,14.16,369,319
Japan,Kochi,Nishidomari,32.77686,132.73146,temperate,21,791,Pocillopora,bushy,8/14/2012,0.49,8/18/2013,5.01,7/3/2014,14.34,369,319
Japan,Kochi,Nishidomari,32.77686,132.73146,temperate,22,792,Favites,encrusting,8/14/2012,0.83,8/18/2013,2.17,7/3/2014,2.14,369,319
Japan,Kochi,Nishidomari,32.77686,132.73146,temperate,23,793,Dipsastraea,encrusting,8/14/2012,41.51,8/18/2013,42.05,7/3/2014,70.45,369,319
Japan,Kochi,Nishidomari,32.77686,132.73146,temperate,23,794,Dipsastraea,encrusting,8/14/2012,25.59,8/18/2013,33.08,7/3/2014,53.56,369,319
Japan,Kochi,Nishidomari,32.77686,132.73146,temperate,23,795,Favites,encrusting,8/14/2012,13.23,8/18/2013,0,7/3/2014,0,369,319
Japan,Kochi,Nishidomari,32.77686,132.73146,temperate,23,796,Dipsastraea,encrusting,8/14/2012,13.52,8/18/2013,0,7/3/2014,0,369,319
Japan,Kochi,Nishidomari,32.77686,132.73146,temperate,24,797,Dipsastraea,encrusting,8/14/2012,3.37,8/18/2013,5.55,7/3/2014,4.7,369,319
Japan,Kochi,Nishidomari,32.77686,132.73146,temperate,24,798,Favites,encrusting,8/14/2012,1.09,8/18/2013,7.26,7/3/2014,4.87,369,319
Japan,Kochi,Nishidomari,32.77686,132.73146,temperate,26,799,Dipsastraea,encrusting,8/14/2012,38.88,8/18/2013,42.03,7/3/2014,59.96,369,319
Japan,Kochi,Nishidomari,32.77686,132.73146,temperate,26,800,Dipsastraea,encrusting,8/14/2012,11.47,8/18/2013,12.22,7/3/2014,24.31,369,319
Japan,Kochi,Nishidomari,32.77686,132.73146,temperate,26,801,Porites,encrusting,8/14/2012,11.02,8/18/2013,4.85,7/3/2014,13.3,369,319
Japan,Kochi,Nishidomari,32.77686,132.73146,temperate,26,802,Pocillopora,bushy,8/14/2012,6.75,8/18/2013,0,7/3/2014,0,369,319
Japan,Kochi,Nishidomari,32.77686,132.73146,temperate,27,803,Dipsastraea,encrusting,8/14/2012,43.34,8/18/2013,57.74,7/3/2014,76.21,369,319
Japan,Kochi,Nishidomari,32.77686,132.73146,temperate,27,804,Favites,encrusting,8/14/2012,8.51,8/18/2013,19.41,7/3/2014,36.64,369,319
Japan,Kochi,Nishidomari,32.77686,132.73146,temperate,27,805,Dipsastraea,encrusting,8/14/2012,22.34,8/18/2013,12.66,7/3/2014,31.4,369,319
Japan,Kochi,Nishidomari,32.77686,132.73146,temperate,27,806,Dipsastraea,encrusting,8/14/2012,94.29,8/18/2013,22.88,7/3/2014,56.96,369,319
Japan,Kochi,Nishidomari,32.77686,132.73146,temperate,27,807,Pocillopora,bushy,8/14/2012,7.19,8/18/2013,28.06,7/3/2014,0,369,319
Japan,Kochi,Nishidomari,32.77686,132.73146,temperate,27,808,Favites,encrusting,8/14/2012,38.76,8/18/2013,35.03,7/3/2014,0,369,319
Japan,Kochi,Nishidomari,32.77686,132.73146,temperate,28,809,Dipsastraea,encrusting,8/14/2012,36.6,8/18/2013,37.88,7/3/2014,16.66,369,319
Japan,Kochi,Nishidomari,32.77686,132.73146,temperate,28,810,Dipsastraea,encrusting,8/14/2012,87.93,8/18/2013,92.65,7/3/2014,28.13,369,319
Japan,Kochi,Nishidomari,32.77686,132.73146,temperate,28,811,Dipsastraea,encrusting,8/14/2012,11.5,8/18/2013,24.83,7/3/2014,0,369,319
Japan,Kochi,Nishidomari,32.77686,132.73146,temperate,28,812,Favites,encrusting,8/14/2012,14.72,8/18/2013,19.68,7/3/2014,0,369,319
Japan,Kochi,Nishidomari,32.77686,132.73146,temperate,28,813,Dipsastraea,encrusting,8/14/2012,11.01,8/18/2013,15.44,7/3/2014,0,369,319
Japan,Kochi,Nishidomari,32.77686,132.73146,temperate,28,814,Favites,encrusting,8/14/2012,2.22,8/18/2013,6.08,7/3/2014,0,369,319
Japan,Kochi,Nishidomari,32.77686,132.73146,temperate,29,815,Dipsastraea,encrusting,8/14/2012,32.09,8/18/2013,34.25,7/3/2014,47.43,369,319
Japan,Kochi,Nishidomari,32.77686,132.73146,temperate,29,816,Dipsastraea,encrusting,8/14/2012,49.91,8/18/2013,39.46,7/3/2014,53.34,369,319
Japan,Kochi,Nishidomari,32.77686,132.73146,temperate,29,817,Dipsastraea,encrusting,8/14/2012,10.31,8/18/2013,17.27,7/3/2014,26.11,369,319
Japan,Kochi,Nishidomari,32.77686,132.73146,temperate,29,818,Pocillopora,bushy,8/14/2012,12.63,8/18/2013,31.52,7/3/2014,0,369,319
Japan,Kochi,Nishidomari,32.77686,132.73146,temperate,30,819,Dipsastraea,encrusting,8/14/2012,32.13,8/18/2013,32.2,7/3/2014,54.97,369,319
Japan,Kochi,Nishidomari,32.77686,132.73146,temperate,30,820,Dipsastraea,encrusting,8/14/2012,5.68,8/18/2013,6.7,7/3/2014,12.09,369,319
Japan,Kochi,Nishidomari,32.77686,132.73146,temperate,31,821,Pocillopora,bushy,8/14/2012,1.39,8/18/2013,9.52,7/3/2014,19.01,369,319
Japan,Kochi,Nishidomari,32.77686,132.73146,temperate,31,822,Pocillopora,bushy,8/14/2012,1.09,8/18/2013,7.26,7/3/2014,0,369,319
Japan,Kochi,Nishidomari,32.77686,132.73146,temperate,31,823,Favites,encrusting,8/14/2012,6.92,8/18/2013,12.7,7/3/2014,0,369,319
Japan,Kochi,Nishidomari,32.77686,132.73146,temperate,32,824,Dipsastraea,encrusting,8/14/2012,46.83,8/18/2013,47.46,7/3/2014,62.16,369,319
Japan,Kochi,Nishidomari,32.77686,132.73146,temperate,32,825,Pocillopora,bushy,8/14/2012,1.46,8/18/2013,4.01,7/3/2014,1.62,369,319
Japan,Kochi,Nishidomari,32.77686,132.73146,temperate,35,826,Dipsastraea,encrusting,8/14/2012,113.99,8/18/2013,102.75,7/3/2014,102.96,369,319
Japan,Kochi,Nishidomari,32.77686,132.73146,temperate,35,827,Favites,encrusting,8/14/2012,6.04,8/18/2013,9.49,7/3/2014,11.65,369,319
Japan,Kochi,Nishidomari,32.77686,132.73146,temperate,35,828,Dipsastraea,encrusting,8/14/2012,38.89,8/18/2013,55.62,7/3/2014,62.85,369,319
Japan,Kochi,Nishidomari,32.77686,132.73146,temperate,35,829,Dipsastraea,encrusting,8/14/2012,73.51,8/18/2013,0,7/3/2014,0,369,319
Japan,Kochi,Nishidomari,32.77686,132.73146,temperate,36,830,Pocillopora,bushy,8/14/2012,6.36,8/18/2013,14.28,7/3/2014,0,369,319
Japan,Kochi,Nishidomari,32.77686,132.73146,temperate,36,831,Pocillopora,bushy,8/14/2012,0.71,8/18/2013,11.96,7/3/2014,0,369,319
Japan,Kochi,Nishidomari,32.77686,132.73146,temperate,36,832,Acropora,corymbose,8/14/2012,8.66,8/18/2013,0,7/3/2014,0,369,319
Japan,Kochi,Nishidomari,32.77686,132.73146,temperate,36,833,Acropora,corymbose,8/14/2012,24.37,8/18/2013,0,7/3/2014,0,369,319
Japan,Kochi,Shirigai,32.7973,132.70921,temperate,10,834,Pocillopora,bushy,8/15/2012,77.87,8/19/2013,68.94,7/4/2014,93.24,369,319
Japan,Kochi,Shirigai,32.7973,132.70921,temperate,10,835,Pocillopora,bushy,8/15/2012,11.42,8/19/2013,20.25,7/4/2014,0,369,319
Japan,Kochi,Shirigai,32.7973,132.70921,temperate,12,836,Pocillopora,bushy,8/15/2012,90.73,8/19/2013,90.35,7/4/2014,132.71,369,319
Japan,Kochi,Shirigai,32.7973,132.70921,temperate,12,837,Pocillopora,bushy,8/15/2012,0.81,8/19/2013,0,7/4/2014,0,369,319
Japan,Kochi,Shirigai,32.7973,132.70921,temperate,12,838,Pocillopora,bushy,8/15/2012,123.94,8/19/2013,0,7/4/2014,0,369,319
Japan,Kochi,Shirigai,32.7973,132.70921,temperate,12,839,Dipsastraea,encrusting,8/15/2012,46.33,8/19/2013,0,7/4/2014,0,369,319
Japan,Kochi,Shirigai,32.7973,132.70921,temperate,13,840,Acropora,table,8/15/2012,6.91,8/19/2013,41.97,7/4/2014,110.03,369,319
Japan,Kochi,Shirigai,32.7973,132.70921,temperate,13,841,Pocillopora,bushy,8/15/2012,2.6,8/19/2013,0,7/4/2014,0,369,319
Japan,Kochi,Shirigai,32.7973,132.70921,temperate,13,842,Acropora,table,8/15/2012,0.39,8/19/2013,0,7/4/2014,0,369,319
Japan,Kochi,Shirigai,32.7973,132.70921,temperate,13,843,Favites,encrusting,8/15/2012,0,8/19/2013,7.87,7/4/2014,11.24,369,319
Japan,Kochi,Shirigai,32.7973,132.70921,temperate,13,844,Favites,encrusting,8/15/2012,0,8/19/2013,7.35,7/4/2014,13.37,369,319
Japan,Kochi,Shirigai,32.7973,132.70921,temperate,15,845,Pocillopora,bushy,8/15/2012,8.65,8/19/2013,17.45,7/4/2014,30.06,369,319
Japan,Kochi,Shirigai,32.7973,132.70921,temperate,16,846,Pocillopora,bushy,8/15/2012,77.82,8/19/2013,114.17,7/4/2014,146.91,369,319
Japan,Kochi,Shirigai,32.7973,132.70921,temperate,16,847,Pocillopora,bushy,8/15/2012,4.76,8/19/2013,11.67,7/4/2014,18.19,369,319
Japan,Kochi,Shirigai,32.7973,132.70921,temperate,16,848,Pocillopora,bushy,8/15/2012,1.31,8/19/2013,5.42,7/4/2014,9.79,369,319
Japan,Kochi,Shirigai,32.7973,132.70921,temperate,16,849,Favites,encrusting,8/15/2012,3.4,8/19/2013,7.48,7/4/2014,13.55,369,319
Japan,Kochi,Shirigai,32.7973,132.70921,temperate,16,850,Pocillopora,bushy,8/15/2012,0.42,8/19/2013,2.97,7/4/2014,5.35,369,319
Japan,Kochi,Shirigai,32.7973,132.70921,temperate,17,851,Acropora,table,8/15/2012,7.66,8/19/2013,12.49,7/4/2014,61.1,369,319
Japan,Kochi,Shirigai,32.7973,132.70921,temperate,17,852,Porites,encrusting,8/15/2012,31.1,8/19/2013,36.26,7/4/2014,38.57,369,319
Japan,Kochi,Shirigai,32.7973,132.70921,temperate,17,853,Acropora,table,8/15/2012,0,8/19/2013,20.75,7/4/2014,65.66,369,319
Japan,Kochi,Shirigai,32.7973,132.70921,temperate,20,854,Pocillopora,bushy,8/15/2012,33.27,8/19/2013,59.61,7/4/2014,86.07,369,319
Japan,Kochi,Shirigai,32.7973,132.70921,temperate,20,855,Favites,encrusting,8/15/2012,27.18,8/19/2013,27.44,7/4/2014,37.09,369,319
Japan,Kochi,Shirigai,32.7973,132.70921,temperate,20,856,Dipsastraea,encrusting,8/15/2012,26.67,8/19/2013,34.85,7/4/2014,39.09,369,319
Japan,Kochi,Shirigai,32.7973,132.70921,temperate,20,857,Dipsastraea,encrusting,8/15/2012,11.63,8/19/2013,11.67,7/4/2014,23.05,369,319
Japan,Kochi,Shirigai,32.7973,132.70921,temperate,20,858,Porites,encrusting,8/15/2012,0.77,8/19/2013,0,7/4/2014,0,369,319
Japan,Kochi,Shirigai,32.7973,132.70921,temperate,22,859,Acropora,table,8/15/2012,9.02,8/19/2013,51.88,7/4/2014,87.28,369,319
Japan,Kochi,Shirigai,32.7973,132.70921,temperate,22,860,Pocillopora,bushy,8/15/2012,249.87,8/19/2013,244.61,7/4/2014,255.83,369,319
Japan,Kochi,Shirigai,32.7973,132.70921,temperate,22,861,Pocillopora,bushy,8/15/2012,3.5,8/19/2013,3.68,7/4/2014,0,369,319
Japan,Kochi,Shirigai,32.7973,132.70921,temperate,22,862,Pocillopora,bushy,8/15/2012,4.49,8/19/2013,4.88,7/4/2014,0,369,319
Japan,Kochi,Shirigai,32.7973,132.70921,temperate,23,863,Dipsastraea,encrusting,8/15/2012,99.12,8/19/2013,102.84,7/4/2014,121.45,369,319
Japan,Kochi,Shirigai,32.7973,132.70921,temperate,23,864,Dipsastraea,encrusting,8/15/2012,12.76,8/19/2013,18.4,7/4/2014,29.8,369,319
Japan,Kochi,Shirigai,32.7973,132.70921,temperate,23,865,Pocillopora,bushy,8/15/2012,1.91,8/19/2013,8.56,7/4/2014,21.71,369,319
Japan,Kochi,Shirigai,32.7973,132.70921,temperate,23,866,Porites,encrusting,8/15/2012,7.52,8/19/2013,4.18,7/4/2014,0,369,319
Japan,Kochi,Shirigai,32.7973,132.70921,temperate,31,867,Pocillopora,bushy,8/15/2012,79.7,8/19/2013,94.11,7/4/2014,98.29,369,319
Japan,Kochi,Shirigai,32.7973,132.70921,temperate,31,868,Pocillopora,bushy,8/15/2012,2.7,8/19/2013,4.86,7/4/2014,7.1,369,319
Japan,Kochi,Shirigai,32.7973,132.70921,temperate,32,869,Porites,encrusting,8/15/2012,2.96,8/19/2013,6.4,7/4/2014,11.4,369,319
Japan,Kochi,Shirigai,32.7973,132.70921,temperate,32,870,Porites,encrusting,8/15/2012,9.81,8/19/2013,16.45,7/4/2014,23.83,369,319
Japan,Kochi,Shirigai,32.7973,132.70921,temperate,33,871,Pocillopora,bushy,8/15/2012,63.51,8/19/2013,93.26,7/4/2014,121.74,369,319
Japan,Kochi,Shirigai,32.7973,132.70921,temperate,35,872,Porites,encrusting,8/15/2012,8.74,8/19/2013,5.18,7/4/2014,3.06,369,319
Japan,Kochi,Shirigai,32.7973,132.70921,temperate,36,873,Acropora,table,8/15/2012,17.42,8/19/2013,141.7,7/4/2014,0,369,319
Japan,Kochi,Shirigai,32.7973,132.70921,temperate,36,874,Acropora,table,8/15/2012,0,8/19/2013,13.84,7/4/2014,0,369,319
Japan,Kochi,Shirigai,32.7973,132.70921,temperate,37,875,Pocillopora,bushy,8/15/2012,2.74,8/19/2013,5.82,7/4/2014,16.26,369,319
Japan,Kochi,Shirigai,32.7973,132.70921,temperate,37,876,Porites,encrusting,8/15/2012,171.58,8/19/2013,99.4,7/4/2014,111.17,369,319
Japan,Kochi,Shirigai,32.7973,132.70921,temperate,37,877,Porites,encrusting,8/15/2012,145.77,8/19/2013,107.64,7/4/2014,105,369,319
Japan,Kochi,Shirigai,32.7973,132.70921,temperate,37,878,Pocillopora,bushy,8/15/2012,17.9,8/19/2013,41.53,7/4/2014,0,369,319
Japan,Kochi,Tatsukushi,32.78664,132.86358,temperate,1,879,Acropora,table,8/16/2012,290.73,8/20/2013,557.48,7/5/2014,817.37,369,319
Japan,Kochi,Tatsukushi,32.78664,132.86358,temperate,1,880,Acropora,corymbose,8/16/2012,10.17,8/20/2013,0,7/5/2014,0,369,319
Japan,Kochi,Tatsukushi,32.78664,132.86358,temperate,1,881,Acropora,corymbose,8/16/2012,8.45,8/20/2013,0,7/5/2014,0,369,319
Japan,Kochi,Tatsukushi,32.78664,132.86358,temperate,2,882,Acropora,branching,8/16/2012,63.13,8/20/2013,33.66,7/5/2014,41.35,369,319
Japan,Kochi,Tatsukushi,32.78664,132.86358,temperate,2,883,Dipsastraea,encrusting,8/16/2012,25.26,8/20/2013,25.18,7/5/2014,25.42,369,319
Japan,Kochi,Tatsukushi,32.78664,132.86358,temperate,2,884,Dipsastraea,encrusting,8/16/2012,28.17,8/20/2013,25.81,7/5/2014,33.73,369,319
Japan,Kochi,Tatsukushi,32.78664,132.86358,temperate,4,885,Dipsastraea,encrusting,8/16/2012,237.51,8/20/2013,154.74,7/5/2014,202.29,369,319
Japan,Kochi,Tatsukushi,32.78664,132.86358,temperate,4,886,Dipsastraea,encrusting,8/16/2012,58.75,8/20/2013,56.92,7/5/2014,97.65,369,319
Japan,Kochi,Tatsukushi,32.78664,132.86358,temperate,4,887,Dipsastraea,encrusting,8/16/2012,1.87,8/20/2013,3.98,7/5/2014,12.03,369,319
Japan,Kochi,Tatsukushi,32.78664,132.86358,temperate,4,888,Dipsastraea,encrusting,8/16/2012,153.72,8/20/2013,170.03,7/5/2014,195.89,369,319
Japan,Kochi,Tatsukushi,32.78664,132.86358,temperate,4,889,Dipsastraea,encrusting,8/16/2012,9.79,8/20/2013,11.96,7/5/2014,15.22,369,319
Japan,Kochi,Tatsukushi,32.78664,132.86358,temperate,4,890,Favites,encrusting,8/16/2012,90.28,8/20/2013,78.73,7/5/2014,136.93,369,319
Japan,Kochi,Tatsukushi,32.78664,132.86358,temperate,8,891,Acropora,table,8/16/2012,13.11,8/20/2013,76.86,7/5/2014,170.97,369,319
Japan,Kochi,Tatsukushi,32.78664,132.86358,temperate,8,892,Acropora,corymbose,8/16/2012,9.67,8/20/2013,0,7/5/2014,0,369,319
Japan,Kochi,Tatsukushi,32.78664,132.86358,temperate,8,893,Acropora,corymbose,8/16/2012,4.82,8/20/2013,0,7/5/2014,0,369,319
Japan,Kochi,Tatsukushi,32.78664,132.86358,temperate,10,894,Acropora,table,8/16/2012,9.51,8/20/2013,121.43,7/5/2014,301.24,369,319
Japan,Kochi,Tatsukushi,32.78664,132.86358,temperate,10,895,Acropora,corymbose,8/16/2012,11.32,8/20/2013,0,7/5/2014,0,369,319
Japan,Kochi,Tatsukushi,32.78664,132.86358,temperate,10,896,Porites,encrusting,8/16/2012,10.09,8/20/2013,22.88,7/5/2014,28.43,369,319
Japan,Kochi,Tatsukushi,32.78664,132.86358,temperate,10,897,Porites,encrusting,8/16/2012,7.43,8/20/2013,0,7/5/2014,0,369,319
Japan,Kochi,Tatsukushi,32.78664,132.86358,temperate,10,898,Porites,encrusting,8/16/2012,4.03,8/20/2013,0,7/5/2014,0,369,319
Japan,Kochi,Tatsukushi,32.78664,132.86358,temperate,10,899,Pocillopora,bushy,8/16/2012,3.36,8/20/2013,6.8,7/5/2014,11.52,369,319
Japan,Kochi,Tatsukushi,32.78664,132.86358,temperate,12,900,Dipsastraea,encrusting,8/16/2012,4.86,8/20/2013,8.56,7/5/2014,12.15,369,319
Japan,Kochi,Tatsukushi,32.78664,132.86358,temperate,12,901,Porites,encrusting,8/16/2012,3.87,8/20/2013,13.78,7/5/2014,21.8,369,319
Japan,Kochi,Tatsukushi,32.78664,132.86358,temperate,12,902,Acropora,table,8/16/2012,157.38,8/20/2013,178.21,7/5/2014,415.25,369,319
Japan,Kochi,Tatsukushi,32.78664,132.86358,temperate,12,903,Favites,encrusting,8/16/2012,101.66,8/20/2013,79.51,7/5/2014,146.12,369,319
Japan,Kochi,Tatsukushi,32.78664,132.86358,temperate,13,904,Dipsastraea,encrusting,8/16/2012,66.04,8/20/2013,65.6,7/5/2014,78.58,369,319
Japan,Kochi,Tatsukushi,32.78664,132.86358,temperate,13,905,Dipsastraea,encrusting,8/16/2012,40.28,8/20/2013,39.63,7/5/2014,40.97,369,319
Japan,Kochi,Tatsukushi,32.78664,132.86358,temperate,13,906,Dipsastraea,encrusting,8/16/2012,19.81,8/20/2013,12.04,7/5/2014,33.37,369,319
Japan,Kochi,Tatsukushi,32.78664,132.86358,temperate,13,907,Porites,encrusting,8/16/2012,4.31,8/20/2013,4.84,7/5/2014,5.54,369,319
Japan,Kochi,Tatsukushi,32.78664,132.86358,temperate,13,908,Porites,encrusting,8/16/2012,9.18,8/20/2013,8.96,7/5/2014,14.57,369,319
Japan,Kochi,Tatsukushi,32.78664,132.86358,temperate,13,909,Acropora,table,8/16/2012,0,8/20/2013,852.78,7/5/2014,1903.58,369,319
Japan,Kochi,Tatsukushi,32.78664,132.86358,temperate,14,910,Dipsastraea,encrusting,8/16/2012,37.21,8/20/2013,39.72,7/5/2014,48,369,319
Japan,Kochi,Tatsukushi,32.78664,132.86358,temperate,14,911,Favites,encrusting,8/16/2012,29.73,8/20/2013,34.43,7/5/2014,42.19,369,319
Japan,Kochi,Tatsukushi,32.78664,132.86358,temperate,14,912,Dipsastraea,encrusting,8/16/2012,15.74,8/20/2013,19.39,7/5/2014,26.93,369,319
Japan,Kochi,Tatsukushi,32.78664,132.86358,temperate,14,913,Dipsastraea,encrusting,8/16/2012,48.2,8/20/2013,41.69,7/5/2014,61.56,369,319
Japan,Kochi,Tatsukushi,32.78664,132.86358,temperate,14,914,Dipsastraea,encrusting,8/16/2012,47.86,8/20/2013,52.55,7/5/2014,73.85,369,319
Japan,Kochi,Tatsukushi,32.78664,132.86358,temperate,14,915,Favites,encrusting,8/16/2012,84.09,8/20/2013,95.31,7/5/2014,110.63,369,319
Japan,Kochi,Tatsukushi,32.78664,132.86358,temperate,14,916,Favites,encrusting,8/16/2012,139.85,8/20/2013,138.4,7/5/2014,169.11,369,319
Japan,Kochi,Tatsukushi,32.78664,132.86358,temperate,14,917,Favites,encrusting,8/16/2012,18.67,8/20/2013,16.15,7/5/2014,34.65,369,319
Japan,Kochi,Tatsukushi,32.78664,132.86358,temperate,14,918,Favites,encrusting,8/16/2012,104.49,8/20/2013,95.04,7/5/2014,146.56,369,319
Japan,Kochi,Tatsukushi,32.78664,132.86358,temperate,14,919,Dipsastraea,encrusting,8/16/2012,15.31,8/20/2013,10.06,7/5/2014,20.64,369,319
Japan,Kochi,Tatsukushi,32.78664,132.86358,temperate,14,920,Dipsastraea,encrusting,8/16/2012,18.08,8/20/2013,23.92,7/5/2014,27.77,369,319
Japan,Kochi,Tatsukushi,32.78664,132.86358,temperate,14,921,Favites,encrusting,8/16/2012,39.43,8/20/2013,35.93,7/5/2014,27.73,369,319
Japan,Kochi,Tatsukushi,32.78664,132.86358,temperate,14,922,Dipsastraea,encrusting,8/16/2012,3.45,8/20/2013,6.11,7/5/2014,8.75,369,319
Japan,Kochi,Tatsukushi,32.78664,132.86358,temperate,14,923,Dipsastraea,encrusting,8/16/2012,15.05,8/20/2013,12.95,7/5/2014,19.3,369,319
Japan,Kochi,Tatsukushi,32.78664,132.86358,temperate,15,924,Pocillopora,bushy,8/16/2012,179.34,8/20/2013,167.86,7/5/2014,224.28,369,319
Japan,Kochi,Tatsukushi,32.78664,132.86358,temperate,15,925,Favites,encrusting,8/16/2012,83.18,8/20/2013,79.57,7/5/2014,129.94,369,319
Japan,Kochi,Tatsukushi,32.78664,132.86358,temperate,15,926,Dipsastraea,encrusting,8/16/2012,16.23,8/20/2013,23.37,7/5/2014,25.06,369,319
Japan,Kochi,Tatsukushi,32.78664,132.86358,temperate,15,927,Dipsastraea,encrusting,8/16/2012,32.17,8/20/2013,33.19,7/5/2014,68.14,369,319
Japan,Kochi,Tatsukushi,32.78664,132.86358,temperate,15,928,Porites,encrusting,8/16/2012,28.28,8/20/2013,29.36,7/5/2014,34.15,369,319
Japan,Kochi,Tatsukushi,32.78664,132.86358,temperate,15,929,Dipsastraea,encrusting,8/16/2012,48.45,8/20/2013,46.28,7/5/2014,57.46,369,319
Japan,Kochi,Tatsukushi,32.78664,132.86358,temperate,15,930,Dipsastraea,encrusting,8/16/2012,12.32,8/20/2013,11.35,7/5/2014,0,369,319
Japan,Kochi,Tatsukushi,32.78664,132.86358,temperate,15,931,Dipsastraea,encrusting,8/16/2012,0,8/20/2013,0,7/5/2014,22.28,369,319
Japan,Kochi,Tatsukushi,32.78664,132.86358,temperate,17,932,Acropora,table,8/16/2012,198.14,8/20/2013,226.61,7/5/2014,277.29,369,319
Japan,Kochi,Tatsukushi,32.78664,132.86358,temperate,17,933,Dipsastraea,encrusting,8/16/2012,39.1,8/20/2013,37.56,7/5/2014,40.64,369,319
Japan,Kochi,Tatsukushi,32.78664,132.86358,temperate,17,934,Dipsastraea,encrusting,8/16/2012,0.85,8/20/2013,3.08,7/5/2014,5.78,369,319
Japan,Kochi,Tatsukushi,32.78664,132.86358,temperate,17,935,Favites,encrusting,8/16/2012,371.19,8/20/2013,355.2,7/5/2014,350.46,369,319
Japan,Kochi,Tatsukushi,32.78664,132.86358,temperate,19,936,Favites,encrusting,8/16/2012,9.77,8/20/2013,10.42,7/5/2014,8.25,369,319
Japan,Kochi,Tatsukushi,32.78664,132.86358,temperate,19,937,Dipsastraea,encrusting,8/16/2012,26.37,8/20/2013,28.24,7/5/2014,38.56,369,319
Japan,Kochi,Tatsukushi,32.78664,132.86358,temperate,19,938,Dipsastraea,encrusting,8/16/2012,11.84,8/20/2013,12.26,7/5/2014,10.06,369,319
Japan,Kochi,Tatsukushi,32.78664,132.86358,temperate,19,939,Favites,encrusting,8/16/2012,43.46,8/20/2013,42.22,7/5/2014,51.43,369,319
Japan,Kochi,Tatsukushi,32.78664,132.86358,temperate,19,940,Dipsastraea,encrusting,8/16/2012,18.7,8/20/2013,22.03,7/5/2014,26.77,369,319
Japan,Kochi,Tatsukushi,32.78664,132.86358,temperate,19,941,Favites,encrusting,8/16/2012,43.5,8/20/2013,67.37,7/5/2014,83.24,369,319
Japan,Kochi,Tatsukushi,32.78664,132.86358,temperate,19,942,Dipsastraea,encrusting,8/16/2012,3.58,8/20/2013,4.55,7/5/2014,12.7,369,319
Japan,Kochi,Tatsukushi,32.78664,132.86358,temperate,19,943,Favites,encrusting,8/16/2012,115.51,8/20/2013,126.11,7/5/2014,124.39,369,319
Japan,Kochi,Tatsukushi,32.78664,132.86358,temperate,19,944,Favites,encrusting,8/16/2012,48.24,8/20/2013,0,7/5/2014,0,369,319
Japan,Kochi,Tatsukushi,32.78664,132.86358,temperate,19,945,Dipsastraea,encrusting,8/16/2012,17.43,8/20/2013,24.75,7/5/2014,25.06,369,319
Japan,Kochi,Tatsukushi,32.78664,132.86358,temperate,19,946,Dipsastraea,encrusting,8/16/2012,9.67,8/20/2013,0,7/5/2014,0,369,319
Japan,Kochi,Tatsukushi,32.78664,132.86358,temperate,19,947,Favites,encrusting,8/16/2012,43.14,8/20/2013,46,7/5/2014,41.8,369,319
Japan,Kochi,Tatsukushi,32.78664,132.86358,temperate,19,948,Favites,encrusting,8/16/2012,6.98,8/20/2013,8.24,7/5/2014,12.36,369,319
Japan,Kochi,Tatsukushi,32.78664,132.86358,temperate,19,949,Favites,encrusting,8/16/2012,49.97,8/20/2013,54.97,7/5/2014,59.92,369,319
Japan,Kochi,Tatsukushi,32.78664,132.86358,temperate,19,950,Favites,encrusting,8/16/2012,12.48,8/20/2013,10.5,7/5/2014,12.22,369,319
Japan,Kochi,Tatsukushi,32.78664,132.86358,temperate,19,951,Favites,encrusting,8/16/2012,30.25,8/20/2013,39.48,7/5/2014,34.33,369,319
Japan,Kochi,Tatsukushi,32.78664,132.86358,temperate,19,952,Favites,encrusting,8/16/2012,0,8/20/2013,60.06,7/5/2014,76.52,369,319
Japan,Kochi,Tatsukushi,32.78664,132.86358,temperate,19,953,Dipsastraea,encrusting,8/16/2012,0,8/20/2013,12.69,7/5/2014,18.01,369,319
Japan,Kochi,Tatsukushi,32.78664,132.86358,temperate,20,954,Dipsastraea,encrusting,8/16/2012,13.69,8/20/2013,13.79,7/5/2014,20.78,369,319
Japan,Kochi,Tatsukushi,32.78664,132.86358,temperate,20,955,Dipsastraea,encrusting,8/16/2012,13.05,8/20/2013,12.26,7/5/2014,19.98,369,319
Japan,Kochi,Tatsukushi,32.78664,132.86358,temperate,20,956,Dipsastraea,encrusting,8/16/2012,5.34,8/20/2013,6.52,7/5/2014,8.45,369,319
Japan,Kochi,Tatsukushi,32.78664,132.86358,temperate,20,957,Favites,encrusting,8/16/2012,44.97,8/20/2013,46.84,7/5/2014,50.56,369,319
Japan,Kochi,Tatsukushi,32.78664,132.86358,temperate,20,958,Dipsastraea,encrusting,8/16/2012,23.36,8/20/2013,30.54,7/5/2014,33.3,369,319
Japan,Kochi,Tatsukushi,32.78664,132.86358,temperate,20,959,Favites,encrusting,8/16/2012,17.1,8/20/2013,18.18,7/5/2014,19.87,369,319
Japan,Kochi,Tatsukushi,32.78664,132.86358,temperate,20,960,Porites,encrusting,8/16/2012,27.27,8/20/2013,30.41,7/5/2014,6.21,369,319
Japan,Kochi,Tatsukushi,32.78664,132.86358,temperate,20,961,Pocillopora,bushy,8/16/2012,0,8/20/2013,1.05,7/5/2014,2.76,369,319
Japan,Kochi,Tatsukushi,32.78664,132.86358,temperate,30,962,Porites,encrusting,8/16/2012,22.97,8/20/2013,25.55,7/5/2014,20.17,369,319
Japan,Kochi,Tatsukushi,32.78664,132.86358,temperate,30,963,Favites,encrusting,8/16/2012,32.59,8/20/2013,49.3,7/5/2014,50.63,369,319
Japan,Kochi,Tatsukushi,32.78664,132.86358,temperate,30,964,Favites,encrusting,8/16/2012,300.51,8/20/2013,294.08,7/5/2014,350.09,369,319
Japan,Kochi,Tatsukushi,32.78664,132.86358,temperate,32,965,Favites,encrusting,8/16/2012,129.71,8/20/2013,150.4,7/5/2014,193.52,369,319
Japan,Kochi,Tatsukushi,32.78664,132.86358,temperate,32,966,Dipsastraea,encrusting,8/16/2012,8.73,8/20/2013,11.31,7/5/2014,11.71,369,319
Japan,Okinawa,Yomitan3,26.43703,127.70498,temperate,1,967,Dipsastraea,encrusting,4/24/2012,6.4,5/31/2013,5.59,4/12/2014,7.14,402,316
Japan,Okinawa,Yomitan3,26.43703,127.70498,temperate,1,968,Favites,encrusting,4/24/2012,100.5,5/31/2013,114.56,4/12/2014,124.5,402,316
Japan,Okinawa,Yomitan3,26.43703,127.70498,temperate,1,969,Dipsastraea,encrusting,4/24/2012,19.94,5/31/2013,12.92,4/12/2014,15.37,402,316
Japan,Okinawa,Yomitan3,26.43703,127.70498,temperate,1,970,Dipsastraea,encrusting,4/24/2012,14.62,5/31/2013,21.77,4/12/2014,25.45,402,316
Japan,Okinawa,Yomitan3,26.43703,127.70498,temperate,1,971,Favites,encrusting,4/24/2012,16.83,5/31/2013,18.11,4/12/2014,23.27,402,316
Japan,Okinawa,Yomitan3,26.43703,127.70498,temperate,2,972,Favites,encrusting,4/24/2012,68.19,5/31/2013,76.13,4/12/2014,91.32,402,316
Japan,Okinawa,Yomitan3,26.43703,127.70498,temperate,2,973,Dipsastraea,encrusting,4/24/2012,8.15,5/31/2013,11.16,4/12/2014,8.65,402,316
Japan,Okinawa,Yomitan3,26.43703,127.70498,temperate,2,974,Favites,encrusting,4/24/2012,19.46,5/31/2013,16.8,4/12/2014,18.74,402,316
Japan,Okinawa,Yomitan3,26.43703,127.70498,temperate,2,975,Dipsastraea,encrusting,4/24/2012,23.7,5/31/2013,24.82,4/12/2014,29.08,402,316
Japan,Okinawa,Yomitan3,26.43703,127.70498,temperate,2,976,Favites,encrusting,4/24/2012,13.55,5/31/2013,0,4/12/2014,0,402,316
Japan,Okinawa,Yomitan3,26.43703,127.70498,temperate,2,977,Favites,encrusting,4/24/2012,1.95,5/31/2013,0,4/12/2014,0,402,316
Japan,Okinawa,Yomitan3,26.43703,127.70498,temperate,2,978,Dipsastraea,encrusting,4/24/2012,4.7,5/31/2013,0,4/12/2014,0,402,316
Japan,Okinawa,Yomitan3,26.43703,127.70498,temperate,2,979,Dipsastraea,encrusting,4/24/2012,20.05,5/31/2013,13.98,4/12/2014,14.4,402,316
Japan,Okinawa,Yomitan3,26.43703,127.70498,temperate,2,980,Favites,encrusting,4/24/2012,0,5/31/2013,16.25,4/12/2014,0,402,316
Japan,Okinawa,Yomitan3,26.43703,127.70498,temperate,2,981,Dipsastraea,encrusting,4/24/2012,0,5/31/2013,6.17,4/12/2014,0,402,316
Japan,Okinawa,Yomitan3,26.43703,127.70498,temperate,3,982,Acropora,table,4/24/2012,4.86,5/31/2013,9.74,4/12/2014,10.67,402,316
Japan,Okinawa,Yomitan3,26.43703,127.70498,temperate,3,983,Favites,encrusting,4/24/2012,85.17,5/31/2013,100.72,4/12/2014,119.81,402,316
Japan,Okinawa,Yomitan3,26.43703,127.70498,temperate,3,984,Pocillopora,bushy,4/24/2012,232.17,5/31/2013,0,4/12/2014,0,402,316
Japan,Okinawa,Yomitan3,26.43703,127.70498,temperate,3,985,Acropora,corymbose,4/24/2012,70.18,5/31/2013,0,4/12/2014,0,402,316
Japan,Okinawa,Yomitan3,26.43703,127.70498,temperate,4,986,Favites,encrusting,4/24/2012,9.87,5/31/2013,19.03,4/12/2014,0,402,316
Japan,Okinawa,Yomitan3,26.43703,127.70498,temperate,4,987,Acropora,table,4/24/2012,7.48,5/31/2013,25.74,4/12/2014,0,402,316
Japan,Okinawa,Yomitan3,26.43703,127.70498,temperate,4,988,Favites,encrusting,4/24/2012,2.76,5/31/2013,8.12,4/12/2014,0,402,316
Japan,Okinawa,Yomitan3,26.43703,127.70498,temperate,4,989,Pocillopora,bushy,4/24/2012,469.38,5/31/2013,0,4/12/2014,0,402,316
Japan,Okinawa,Yomitan3,26.43703,127.70498,temperate,5,990,Acropora,table,4/24/2012,7.22,5/31/2013,0,4/12/2014,0,402,316
Japan,Okinawa,Yomitan3,26.43703,127.70498,temperate,5,991,Pocillopora,bushy,4/24/2012,159.69,5/31/2013,42.8,4/12/2014,57.88,402,316
Japan,Okinawa,Yomitan3,26.43703,127.70498,temperate,5,992,Dipsastraea,encrusting,4/24/2012,49.94,5/31/2013,55.12,4/12/2014,55.79,402,316
Japan,Okinawa,Yomitan3,26.43703,127.70498,temperate,5,993,Favites,encrusting,4/24/2012,29.25,5/31/2013,26.75,4/12/2014,30.64,402,316
Japan,Okinawa,Yomitan3,26.43703,127.70498,temperate,5,994,Favites,encrusting,4/24/2012,22.85,5/31/2013,23.27,4/12/2014,25.27,402,316
Japan,Okinawa,Yomitan3,26.43703,127.70498,temperate,5,995,Dipsastraea,encrusting,4/24/2012,20.93,5/31/2013,16.59,4/12/2014,0,402,316
Japan,Okinawa,Yomitan3,26.43703,127.70498,temperate,5,996,Porites,encrusting,4/24/2012,12.11,5/31/2013,9.44,4/12/2014,0,402,316
Japan,Okinawa,Yomitan3,26.43703,127.70498,temperate,5,997,Favites,submassive,4/24/2012,25.6,5/31/2013,0,4/12/2014,0,402,316
Japan,Okinawa,Yomitan3,26.43703,127.70498,temperate,5,998,Acropora,table,4/24/2012,0,5/31/2013,23.25,4/12/2014,26.23,402,316
Japan,Okinawa,Yomitan3,26.43703,127.70498,temperate,6,999,Dipsastraea,encrusting,4/24/2012,44.32,5/31/2013,50.37,4/12/2014,59.89,402,316
Japan,Okinawa,Yomitan3,26.43703,127.70498,temperate,6,1000,Dipsastraea,encrusting,4/24/2012,22.66,5/31/2013,28.32,4/12/2014,24.39,402,316
Japan,Okinawa,Yomitan3,26.43703,127.70498,temperate,6,1001,Dipsastraea,encrusting,4/24/2012,44.73,5/31/2013,40.45,4/12/2014,37.31,402,316
Japan,Okinawa,Yomitan3,26.43703,127.70498,temperate,6,1002,Favites,encrusting,4/24/2012,26.96,5/31/2013,26.52,4/12/2014,33,402,316
Japan,Okinawa,Yomitan3,26.43703,127.70498,temperate,6,1003,Porites,encrusting,4/24/2012,7.03,5/31/2013,28.59,4/12/2014,27.62,402,316
Japan,Okinawa,Yomitan3,26.43703,127.70498,temperate,6,1004,Acropora,table,4/24/2012,2.68,5/31/2013,12.66,4/12/2014,19.57,402,316
Japan,Okinawa,Yomitan3,26.43703,127.70498,temperate,6,1005,Acropora,table,4/24/2012,0,5/31/2013,31.72,4/12/2014,54.2,402,316
Japan,Okinawa,Yomitan3,26.43703,127.70498,temperate,6,1006,Acropora,table,4/24/2012,0,5/31/2013,3.21,4/12/2014,8.11,402,316
Japan,Okinawa,Yomitan3,26.43703,127.70498,temperate,7,1007,Pocillopora,bushy,4/24/2012,257.71,5/31/2013,101.34,4/12/2014,179.79,402,316
Japan,Okinawa,Yomitan3,26.43703,127.70498,temperate,7,1008,Porites,encrusting,4/24/2012,50.35,5/31/2013,0,4/12/2014,0,402,316
Japan,Okinawa,Yomitan3,26.43703,127.70498,temperate,7,1009,Dipsastraea,encrusting,4/24/2012,11.6,5/31/2013,8.8,4/12/2014,7.08,402,316
Japan,Okinawa,Yomitan3,26.43703,127.70498,temperate,7,1010,Porites,encrusting,4/24/2012,85.55,5/31/2013,90.58,4/12/2014,105.48,402,316
Japan,Okinawa,Yomitan3,26.43703,127.70498,temperate,7,1011,Dipsastraea,encrusting,4/24/2012,69.17,5/31/2013,68.63,4/12/2014,66.27,402,316
Japan,Okinawa,Yomitan3,26.43703,127.70498,temperate,7,1012,Acropora,table,4/24/2012,16.48,5/31/2013,45.73,4/12/2014,58.05,402,316
Japan,Okinawa,Yomitan3,26.43703,127.70498,temperate,7,1013,Favites,encrusting,4/24/2012,21.8,5/31/2013,11.34,4/12/2014,12.84,402,316
Japan,Okinawa,Yomitan3,26.43703,127.70498,temperate,7,1014,Favites,encrusting,4/24/2012,3.23,5/31/2013,8.94,4/12/2014,7.43,402,316
Japan,Okinawa,Yomitan3,26.43703,127.70498,temperate,7,1015,Favites,encrusting,4/24/2012,3.43,5/31/2013,3.8,4/12/2014,0,402,316
Japan,Okinawa,Yomitan3,26.43703,127.70498,temperate,7,1016,Dipsastraea,encrusting,4/24/2012,9.83,5/31/2013,0,4/12/2014,0,402,316
Japan,Okinawa,Yomitan3,26.43703,127.70498,temperate,7,1017,Dipsastraea,encrusting,4/24/2012,12.84,5/31/2013,11.67,4/12/2014,14.49,402,316
Japan,Okinawa,Yomitan3,26.43703,127.70498,temperate,7,1018,Porites,encrusting,4/24/2012,0,5/31/2013,56.49,4/12/2014,57.07,402,316
Japan,Okinawa,Yomitan3,26.43703,127.70498,temperate,7,1019,Acropora,table,4/24/2012,0,5/31/2013,6.79,4/12/2014,9.13,402,316
Japan,Okinawa,Yomitan3,26.43703,127.70498,temperate,7,1020,Favites,encrusting,4/24/2012,0,5/31/2013,0,4/12/2014,9.62,402,316
Japan,Okinawa,Yomitan3,26.43703,127.70498,temperate,8,1021,Pocillopora,bushy,4/24/2012,434.67,5/31/2013,245.86,4/12/2014,184.77,402,316
Japan,Okinawa,Yomitan3,26.43703,127.70498,temperate,8,1022,Pocillopora,bushy,4/24/2012,3.14,5/31/2013,14.99,4/12/2014,27.87,402,316
Japan,Okinawa,Yomitan3,26.43703,127.70498,temperate,8,1023,Acropora,table,4/24/2012,5.72,5/31/2013,22.03,4/12/2014,36.52,402,316
Japan,Okinawa,Yomitan3,26.43703,127.70498,temperate,8,1024,Acropora,table,4/24/2012,78.59,5/31/2013,68.85,4/12/2014,61.4,402,316
Japan,Okinawa,Yomitan3,26.43703,127.70498,temperate,8,1025,Pocillopora,bushy,4/24/2012,329.14,5/31/2013,167.62,4/12/2014,188.72,402,316
Japan,Okinawa,Yomitan3,26.43703,127.70498,temperate,8,1026,Dipsastraea,encrusting,4/24/2012,28.04,5/31/2013,31.59,4/12/2014,29.52,402,316
Japan,Okinawa,Yomitan3,26.43703,127.70498,temperate,8,1027,Dipsastraea,submassive,4/24/2012,53.42,5/31/2013,0,4/12/2014,0,402,316
Japan,Okinawa,Yomitan3,26.43703,127.70498,temperate,8,1028,Pocillopora,bushy,4/24/2012,0,5/31/2013,105.7,4/12/2014,91.54,402,316
Japan,Okinawa,Yomitan3,26.43703,127.70498,temperate,8,1029,Dipsastraea,encrusting,4/24/2012,0,5/31/2013,13.64,4/12/2014,14.49,402,316
Japan,Okinawa,Yomitan3,26.43703,127.70498,temperate,8,1030,Acropora,table,4/24/2012,0,5/31/2013,5.82,4/12/2014,36.36,402,316
Japan,Okinawa,Yomitan3,26.43703,127.70498,temperate,9,1031,Pocillopora,bushy,4/24/2012,192.41,5/31/2013,40.04,4/12/2014,56.71,402,316
Japan,Okinawa,Yomitan3,26.43703,127.70498,temperate,9,1032,Dipsastraea,submassive,4/24/2012,34.85,5/31/2013,0,4/12/2014,0,402,316
Japan,Okinawa,Yomitan3,26.43703,127.70498,temperate,9,1033,Pocillopora,bushy,4/24/2012,3.08,5/31/2013,8.15,4/12/2014,26.24,402,316
Japan,Okinawa,Yomitan3,26.43703,127.70498,temperate,10,1034,Dipsastraea,encrusting,4/24/2012,16.86,5/31/2013,23.16,4/12/2014,35.89,402,316
Japan,Okinawa,Yomitan3,26.43703,127.70498,temperate,10,1035,Dipsastraea,encrusting,4/24/2012,6.23,5/31/2013,19.55,4/12/2014,24.92,402,316
Japan,Okinawa,Yomitan3,26.43703,127.70498,temperate,10,1036,Acropora,table,4/24/2012,6.27,5/31/2013,15.11,4/12/2014,23.64,402,316
Japan,Okinawa,Yomitan3,26.43703,127.70498,temperate,10,1037,Pocillopora,bushy,4/24/2012,225.97,5/31/2013,97.05,4/12/2014,193.98,402,316
Japan,Okinawa,Yomitan3,26.43703,127.70498,temperate,10,1038,Dipsastraea,encrusting,4/24/2012,9.09,5/31/2013,16.43,4/12/2014,13.03,402,316
Japan,Okinawa,Yomitan3,26.43703,127.70498,temperate,10,1039,Acropora,table,4/24/2012,11.86,5/31/2013,13.44,4/12/2014,39.15,402,316
Japan,Okinawa,Yomitan3,26.43703,127.70498,temperate,10,1040,Acropora,table,4/24/2012,17.08,5/31/2013,15.68,4/12/2014,24.88,402,316
Japan,Okinawa,Yomitan3,26.43703,127.70498,temperate,10,1041,Pocillopora,bushy,4/24/2012,37.4,5/31/2013,41.47,4/12/2014,71.03,402,316
Japan,Okinawa,Yomitan3,26.43703,127.70498,temperate,10,1042,Dipsastraea,encrusting,4/24/2012,3.56,5/31/2013,5.67,4/12/2014,6.92,402,316
Japan,Okinawa,Yomitan3,26.43703,127.70498,temperate,11,1043,Dipsastraea,encrusting,4/24/2012,35.37,5/31/2013,54.09,4/12/2014,66.19,402,316
Japan,Okinawa,Yomitan3,26.43703,127.70498,temperate,11,1044,Dipsastraea,encrusting,4/24/2012,30.74,5/31/2013,36.82,4/12/2014,36.76,402,316
Japan,Okinawa,Yomitan3,26.43703,127.70498,temperate,11,1045,Favites,encrusting,4/24/2012,1.83,5/31/2013,3.43,4/12/2014,4.99,402,316
Japan,Okinawa,Yomitan3,26.43703,127.70498,temperate,11,1046,Dipsastraea,encrusting,4/24/2012,40.96,5/31/2013,51.37,4/12/2014,59.1,402,316
Japan,Okinawa,Yomitan3,26.43703,127.70498,temperate,11,1047,Favites,encrusting,4/24/2012,2.87,5/31/2013,8.18,4/12/2014,14.96,402,316
Japan,Okinawa,Yomitan3,26.43703,127.70498,temperate,11,1048,Acropora,table,4/24/2012,26.78,5/31/2013,29.96,4/12/2014,0,402,316
Japan,Okinawa,Yomitan3,26.43703,127.70498,temperate,11,1049,Favites,encrusting,4/24/2012,0,5/31/2013,37.74,4/12/2014,33.04,402,316
Japan,Okinawa,Yomitan3,26.43703,127.70498,temperate,12,1050,Dipsastraea,encrusting,4/24/2012,43.18,5/31/2013,59.86,4/12/2014,77.13,402,316
Japan,Okinawa,Yomitan3,26.43703,127.70498,temperate,12,1051,Dipsastraea,encrusting,4/24/2012,33.13,5/31/2013,37.06,4/12/2014,32.47,402,316
Japan,Okinawa,Yomitan3,26.43703,127.70498,temperate,12,1052,Pocillopora,bushy,4/24/2012,152.56,5/31/2013,43.12,4/12/2014,82.01,402,316
Japan,Okinawa,Yomitan3,26.43703,127.70498,temperate,12,1053,Dipsastraea,encrusting,4/24/2012,10.89,5/31/2013,19.87,4/12/2014,23.72,402,316
Japan,Okinawa,Yomitan3,26.43703,127.70498,temperate,12,1054,Favites,encrusting,4/24/2012,83.77,5/31/2013,60.36,4/12/2014,55.58,402,316
Japan,Okinawa,Yomitan3,26.43703,127.70498,temperate,12,1055,Pocillopora,bushy,4/24/2012,200.31,5/31/2013,114.16,4/12/2014,154.85,402,316
Japan,Okinawa,Yomitan3,26.43703,127.70498,temperate,12,1056,Favites,encrusting,4/24/2012,0,5/31/2013,39.38,4/12/2014,58.77,402,316
Japan,Okinawa,Yomitan3,26.43703,127.70498,temperate,12,1057,Favites,encrusting,4/24/2012,0,5/31/2013,59.37,4/12/2014,75.83,402,316
Japan,Okinawa,Yomitan3,26.43703,127.70498,temperate,12,1058,Dipsastraea,encrusting,4/24/2012,0,5/31/2013,6.53,4/12/2014,9.71,402,316
Japan,Okinawa,Yomitan3,26.43703,127.70498,temperate,13,1059,Acropora,table,4/24/2012,183.7,5/31/2013,76.5,4/12/2014,116.28,402,316
Japan,Okinawa,Yomitan3,26.43703,127.70498,temperate,13,1060,Favites,encrusting,4/24/2012,2.61,5/31/2013,3.08,4/12/2014,0,402,316
Japan,Okinawa,Yomitan3,26.43703,127.70498,temperate,13,1061,Favites,encrusting,4/24/2012,5.91,5/31/2013,11.15,4/12/2014,7.91,402,316
Japan,Okinawa,Yomitan3,26.43703,127.70498,temperate,13,1062,Favites,encrusting,4/24/2012,2.22,5/31/2013,3.36,4/12/2014,6.24,402,316
Japan,Okinawa,Yomitan3,26.43703,127.70498,temperate,13,1063,Acropora,table,4/24/2012,63.78,5/31/2013,80.31,4/12/2014,102.56,402,316
Japan,Okinawa,Yomitan3,26.43703,127.70498,temperate,13,1064,Dipsastraea,encrusting,4/24/2012,23.53,5/31/2013,14.67,4/12/2014,0,402,316
Japan,Okinawa,Yomitan3,26.43703,127.70498,temperate,13,1065,Favites,encrusting,4/24/2012,0,5/31/2013,1.47,4/12/2014,3.44,402,316
Japan,Okinawa,Yomitan3,26.43703,127.70498,temperate,14,1066,Acropora,table,4/24/2012,37.49,5/31/2013,54.45,4/12/2014,92.33,402,316
Japan,Okinawa,Yomitan3,26.43703,127.70498,temperate,14,1067,Acropora,table,4/24/2012,3.72,5/31/2013,10.24,4/12/2014,14.82,402,316
Japan,Okinawa,Yomitan3,26.43703,127.70498,temperate,14,1068,Pocillopora,bushy,4/24/2012,3.66,5/31/2013,11.53,4/12/2014,25.39,402,316
Japan,Okinawa,Yomitan3,26.43703,127.70498,temperate,14,1069,Favites,encrusting,4/24/2012,5.69,5/31/2013,11.9,4/12/2014,10.36,402,316
Japan,Okinawa,Yomitan3,26.43703,127.70498,temperate,14,1070,Acropora,table,4/24/2012,3.18,5/31/2013,10.14,4/12/2014,16.24,402,316
Japan,Okinawa,Yomitan3,26.43703,127.70498,temperate,14,1071,Pocillopora,bushy,4/24/2012,286.14,5/31/2013,0,4/12/2014,0,402,316
Japan,Okinawa,Yomitan3,26.43703,127.70498,temperate,14,1072,Favites,encrusting,4/24/2012,15,5/31/2013,0,4/12/2014,0,402,316
Japan,Okinawa,Yomitan3,26.43703,127.70498,temperate,14,1073,Acropora,table,4/24/2012,0,5/31/2013,3.39,4/12/2014,11.21,402,316
Japan,Okinawa,Yomitan3,26.43703,127.70498,temperate,14,1074,Dipsastraea,encrusting,4/24/2012,0,5/31/2013,2.16,4/12/2014,5.89,402,316
Japan,Okinawa,Yomitan3,26.43703,127.70498,temperate,14,1075,Favites,encrusting,4/24/2012,0,5/31/2013,28.13,4/12/2014,0,402,316
Japan,Okinawa,Yomitan3,26.43703,127.70498,temperate,15,1076,Acropora,table,4/24/2012,8.83,5/31/2013,16.22,4/12/2014,23.44,402,316
Japan,Okinawa,Yomitan3,26.43703,127.70498,temperate,15,1077,Dipsastraea,encrusting,4/24/2012,1.38,5/31/2013,5.82,4/12/2014,6.28,402,316
Japan,Okinawa,Yomitan3,26.43703,127.70498,temperate,15,1078,Porites,encrusting,4/24/2012,254.91,5/31/2013,351.86,4/12/2014,374.08,402,316
Japan,Okinawa,Yomitan3,26.43703,127.70498,temperate,15,1079,Favites,encrusting,4/24/2012,42.82,5/31/2013,62.58,4/12/2014,64.31,402,316
Japan,Okinawa,Yomitan3,26.43703,127.70498,temperate,15,1080,Pocillopora,bushy,4/24/2012,352.5,5/31/2013,204.02,4/12/2014,238.19,402,316
Japan,Okinawa,Yomitan3,26.43703,127.70498,temperate,15,1081,Dipsastraea,encrusting,4/24/2012,49.94,5/31/2013,82.08,4/12/2014,89.44,402,316
Japan,Okinawa,Yomitan3,26.43703,127.70498,temperate,15,1082,Pocillopora,bushy,4/24/2012,12.07,5/31/2013,30.98,4/12/2014,52.54,402,316
Japan,Okinawa,Yomitan3,26.43703,127.70498,temperate,15,1083,Favites,encrusting,4/24/2012,14.67,5/31/2013,0,4/12/2014,0,402,316
Japan,Okinawa,Yomitan3,26.43703,127.70498,temperate,15,1084,Acropora,corymbose,4/24/2012,7.85,5/31/2013,0,4/12/2014,0,402,316
Japan,Okinawa,Yomitan3,26.43703,127.70498,temperate,15,1085,Favites,encrusting,4/24/2012,13.66,5/31/2013,0,4/12/2014,0,402,316
Japan,Okinawa,Yomitan3,26.43703,127.70498,temperate,15,1086,Favites,encrusting,4/24/2012,0,5/31/2013,14.04,4/12/2014,15.77,402,316
Japan,Okinawa,Yomitan3,26.43703,127.70498,temperate,16,1087,Acropora,table,4/24/2012,8.51,5/31/2013,23.88,4/12/2014,37.38,402,316
Japan,Okinawa,Yomitan3,26.43703,127.70498,temperate,16,1088,Acropora,table,4/24/2012,3.25,5/31/2013,12.74,4/12/2014,17.6,402,316
Japan,Okinawa,Yomitan3,26.43703,127.70498,temperate,16,1089,Acropora,table,4/24/2012,3.63,5/31/2013,0,4/12/2014,0,402,316
Japan,Okinawa,Yomitan3,26.43703,127.70498,temperate,16,1090,Acropora,table,4/24/2012,0,5/31/2013,2.22,4/12/2014,5.01,402,316
Japan,Okinawa,Yomitan3,26.43703,127.70498,temperate,17,1091,Favites,encrusting,4/24/2012,59.01,5/31/2013,69.03,4/12/2014,83.88,402,316
Japan,Okinawa,Yomitan3,26.43703,127.70498,temperate,17,1092,Dipsastraea,encrusting,4/24/2012,21.24,5/31/2013,23.27,4/12/2014,26.29,402,316
Japan,Okinawa,Yomitan3,26.43703,127.70498,temperate,17,1093,Favites,encrusting,4/24/2012,0,5/31/2013,14.71,4/12/2014,12.44,402,316
Japan,Okinawa,Yomitan3,26.43703,127.70498,temperate,17,1094,Acropora,table,4/24/2012,0,5/31/2013,5.27,4/12/2014,22.1,402,316
Japan,Okinawa,Yomitan3,26.43703,127.70498,temperate,19,1095,Dipsastraea,encrusting,4/24/2012,28.19,5/31/2013,29.72,4/12/2014,21.11,402,316
Japan,Okinawa,Yomitan3,26.43703,127.70498,temperate,19,1096,Favites,encrusting,4/24/2012,6.12,5/31/2013,17.97,4/12/2014,19.28,402,316
Japan,Okinawa,Yomitan3,26.43703,127.70498,temperate,19,1097,Acropora,table,4/24/2012,13.15,5/31/2013,24.16,4/12/2014,33.97,402,316
Japan,Okinawa,Yomitan3,26.43703,127.70498,temperate,19,1098,Pocillopora,bushy,4/24/2012,4.49,5/31/2013,10.63,4/12/2014,15.51,402,316
Japan,Okinawa,Yomitan3,26.43703,127.70498,temperate,19,1099,Dipsastraea,encrusting,4/24/2012,10.37,5/31/2013,12.89,4/12/2014,0,402,316
Japan,Okinawa,Yomitan3,26.43703,127.70498,temperate,19,1100,Acropora,table,4/24/2012,3.66,5/31/2013,3.22,4/12/2014,0,402,316
Japan,Okinawa,Yomitan3,26.43703,127.70498,temperate,19,1101,Dipsastraea,encrusting,4/24/2012,0,5/31/2013,0,4/12/2014,17.98,402,316
Japan,Okinawa,Yomitan3,26.43703,127.70498,temperate,19,1102,Acropora,table,4/24/2012,0,5/31/2013,0,4/12/2014,6.02,402,316
Japan,Okinawa,Yomitan3,26.43703,127.70498,temperate,20,1103,Favites,encrusting,4/24/2012,25.41,5/31/2013,45.58,4/12/2014,46.73,402,316
Japan,Okinawa,Yomitan3,26.43703,127.70498,temperate,20,1104,Favites,encrusting,4/24/2012,34.65,5/31/2013,33.47,4/12/2014,22.57,402,316
Japan,Okinawa,Yomitan3,26.43703,127.70498,temperate,20,1105,Favites,encrusting,4/24/2012,27.19,5/31/2013,36.92,4/12/2014,35.98,402,316
Japan,Okinawa,Yomitan3,26.43703,127.70498,temperate,20,1106,Favites,encrusting,4/24/2012,199.15,5/31/2013,104.93,4/12/2014,154.16,402,316
Japan,Okinawa,Yomitan3,26.43703,127.70498,temperate,20,1107,Pocillopora,bushy,4/24/2012,247.8,5/31/2013,91.62,4/12/2014,112.1,402,316
Japan,Okinawa,Yomitan3,26.43703,127.70498,temperate,20,1108,Dipsastraea,encrusting,4/24/2012,19.15,5/31/2013,29.6,4/12/2014,38.34,402,316
Japan,Okinawa,Yomitan3,26.43703,127.70498,temperate,20,1109,Favites,encrusting,4/24/2012,37.84,5/31/2013,13.11,4/12/2014,9.01,402,316
Japan,Okinawa,Yomitan3,26.43703,127.70498,temperate,20,1110,Dipsastraea,encrusting,4/24/2012,16.12,5/31/2013,18.51,4/12/2014,20.89,402,316
Japan,Okinawa,Yomitan3,26.43703,127.70498,temperate,20,1111,Dipsastraea,encrusting,4/24/2012,20.92,5/31/2013,0,4/12/2014,0,402,316
Japan,Okinawa,Yomitan3,26.43703,127.70498,temperate,20,1112,Dipsastraea,encrusting,4/24/2012,24.07,5/31/2013,0,4/12/2014,0,402,316
Japan,Okinawa,Yomitan3,26.43703,127.70498,temperate,20,1113,Acropora,corymbose,4/24/2012,8.12,5/31/2013,0,4/12/2014,0,402,316
Japan,Okinawa,Yomitan3,26.43703,127.70498,temperate,20,1114,Favites,encrusting,4/24/2012,42.08,5/31/2013,0,4/12/2014,0,402,316
Japan,Okinawa,Yomitan3,26.43703,127.70498,temperate,20,1115,Dipsastraea,encrusting,4/24/2012,0,5/31/2013,11.61,4/12/2014,21.1,402,316
Japan,Okinawa,Yomitan3,26.43703,127.70498,temperate,21,1116,Dipsastraea,encrusting,4/24/2012,32.2,5/31/2013,28.69,4/12/2014,26.8,402,316
Japan,Okinawa,Yomitan3,26.43703,127.70498,temperate,21,1117,Dipsastraea,encrusting,4/24/2012,15.82,5/31/2013,16,4/12/2014,24.59,402,316
Japan,Okinawa,Yomitan3,26.43703,127.70498,temperate,21,1118,Dipsastraea,encrusting,4/24/2012,27.14,5/31/2013,27.19,4/12/2014,36.34,402,316
Japan,Okinawa,Yomitan3,26.43703,127.70498,temperate,21,1119,Pocillopora,bushy,4/24/2012,2.54,5/31/2013,4.29,4/12/2014,11.92,402,316
Japan,Okinawa,Yomitan3,26.43703,127.70498,temperate,21,1120,Favites,encrusting,4/24/2012,3.73,5/31/2013,3.6,4/12/2014,5.85,402,316
Japan,Okinawa,Yomitan3,26.43703,127.70498,temperate,21,1121,Dipsastraea,encrusting,4/24/2012,8.31,5/31/2013,11.55,4/12/2014,14.23,402,316
Japan,Okinawa,Yomitan3,26.43703,127.70498,temperate,21,1122,Pocillopora,bushy,4/24/2012,111.83,5/31/2013,52.53,4/12/2014,0,402,316
Japan,Okinawa,Yomitan3,26.43703,127.70498,temperate,21,1123,Dipsastraea,encrusting,4/24/2012,5.66,5/31/2013,0,4/12/2014,0,402,316
Japan,Okinawa,Yomitan3,26.43703,127.70498,temperate,21,1124,Dipsastraea,encrusting,4/24/2012,0,5/31/2013,5.83,4/12/2014,0,402,316
Japan,Okinawa,Yomitan3,26.43703,127.70498,temperate,21,1125,Dipsastraea,encrusting,4/24/2012,0,5/31/2013,0,4/12/2014,7.08,402,316
Japan,Okinawa,Yomitan3,26.43703,127.70498,temperate,22,1126,Pocillopora,bushy,4/24/2012,171.92,5/31/2013,165.89,4/12/2014,235.6,402,316
Japan,Okinawa,Yomitan3,26.43703,127.70498,temperate,22,1127,Dipsastraea,encrusting,4/24/2012,62.27,5/31/2013,46.6,4/12/2014,51.65,402,316
Japan,Okinawa,Yomitan3,26.43703,127.70498,temperate,22,1128,Favites,encrusting,4/24/2012,29.19,5/31/2013,32.56,4/12/2014,44.7,402,316
Japan,Okinawa,Yomitan3,26.43703,127.70498,temperate,22,1129,Favites,encrusting,4/24/2012,38.57,5/31/2013,38.91,4/12/2014,44.56,402,316
Japan,Okinawa,Yomitan3,26.43703,127.70498,temperate,22,1130,Dipsastraea,encrusting,4/24/2012,26.68,5/31/2013,0,4/12/2014,0,402,316
Japan,Okinawa,Yomitan3,26.43703,127.70498,temperate,22,1131,Dipsastraea,encrusting,4/24/2012,8.89,5/31/2013,13.25,4/12/2014,0,402,316
Japan,Okinawa,Yomitan3,26.43703,127.70498,temperate,22,1132,Pocillopora,bushy,4/24/2012,16.55,5/31/2013,0,4/12/2014,0,402,316
Japan,Okinawa,Yomitan3,26.43703,127.70498,temperate,22,1133,Dipsastraea,encrusting,4/24/2012,0,5/31/2013,0,4/12/2014,15.55,402,316
Japan,Okinawa,Yomitan3,26.43703,127.70498,temperate,23,1134,Pocillopora,bushy,4/24/2012,174.82,5/31/2013,151.87,4/12/2014,182.03,402,316
Japan,Okinawa,Yomitan3,26.43703,127.70498,temperate,23,1135,Acropora,table,4/24/2012,12.4,5/31/2013,26.28,4/12/2014,18.87,402,316
Japan,Okinawa,Yomitan3,26.43703,127.70498,temperate,23,1136,Dipsastraea,encrusting,4/24/2012,65.4,5/31/2013,70.4,4/12/2014,89.4,402,316
Japan,Okinawa,Yomitan3,26.43703,127.70498,temperate,23,1137,Acropora,table,4/24/2012,8.82,5/31/2013,16.57,4/12/2014,20.61,402,316
Japan,Okinawa,Yomitan3,26.43703,127.70498,temperate,23,1138,Acropora,table,4/24/2012,2.36,5/31/2013,9.42,4/12/2014,16.7,402,316
Japan,Okinawa,Yomitan3,26.43703,127.70498,temperate,23,1139,Pocillopora,bushy,4/24/2012,0.86,5/31/2013,,4/12/2014,0,402,316
Japan,Okinawa,Yomitan3,26.43703,127.70498,temperate,23,1140,Acropora,corymbose,4/24/2012,26.65,5/31/2013,21.78,4/12/2014,0,402,316
Japan,Okinawa,Yomitan3,26.43703,127.70498,temperate,23,1141,Dipsastraea,encrusting,4/24/2012,25.46,5/31/2013,36.14,4/12/2014,34.66,402,316
Japan,Okinawa,Yomitan3,26.43703,127.70498,temperate,23,1142,Acropora,table,4/24/2012,0,5/31/2013,3.93,4/12/2014,18.34,402,316
Japan,Okinawa,Yomitan3,26.43703,127.70498,temperate,23,1143,Acropora,table,4/24/2012,0,5/31/2013,19,4/12/2014,17.64,402,316
Japan,Okinawa,Yomitan3,26.43703,127.70498,temperate,23,1144,Pocillopora,bushy,4/24/2012,0,5/31/2013,3.56,4/12/2014,0,402,316
Japan,Okinawa,Yomitan3,26.43703,127.70498,temperate,23,1145,Pocillopora,bushy,4/24/2012,0,5/31/2013,0,4/12/2014,14.84,402,316
Japan,Okinawa,Yomitan3,26.43703,127.70498,temperate,23,1146,Acropora,corymbose,4/24/2012,0,5/31/2013,0,4/12/2014,31.66,402,316
Japan,Okinawa,Yomitan3,26.43703,127.70498,temperate,24,1147,Favites,encrusting,4/24/2012,41.36,5/31/2013,43.75,4/12/2014,43.78,402,316
Japan,Okinawa,Yomitan3,26.43703,127.70498,temperate,24,1148,Favites,encrusting,4/24/2012,14.85,5/31/2013,21.97,4/12/2014,15.76,402,316
Japan,Okinawa,Yomitan3,26.43703,127.70498,temperate,24,1149,Dipsastraea,encrusting,4/24/2012,44.35,5/31/2013,40.15,4/12/2014,43.52,402,316
Japan,Okinawa,Yomitan3,26.43703,127.70498,temperate,24,1150,Favites,encrusting,4/24/2012,46.1,5/31/2013,54.17,4/12/2014,52.94,402,316
Japan,Okinawa,Yomitan3,26.43703,127.70498,temperate,24,1151,Acropora,table,4/24/2012,0,5/31/2013,20.47,4/12/2014,24.15,402,316
Japan,Okinawa,Yomitan3,26.43703,127.70498,temperate,24,1152,Acropora,table,4/24/2012,0,5/31/2013,3.25,4/12/2014,10.45,402,316
Japan,Okinawa,Yomitan3,26.43703,127.70498,temperate,26,1153,Favites,encrusting,4/24/2012,27.29,5/31/2013,34.49,4/12/2014,43.84,402,316
Japan,Okinawa,Yomitan3,26.43703,127.70498,temperate,26,1154,Dipsastraea,encrusting,4/24/2012,7.47,5/31/2013,9.99,4/12/2014,17.5,402,316
Japan,Okinawa,Yomitan3,26.43703,127.70498,temperate,26,1155,Dipsastraea,encrusting,4/24/2012,31.38,5/31/2013,26.83,4/12/2014,42.19,402,316
Japan,Okinawa,Yomitan3,26.43703,127.70498,temperate,26,1156,Favites,encrusting,4/24/2012,50.55,5/31/2013,53.93,4/12/2014,62.72,402,316
Japan,Okinawa,Yomitan3,26.43703,127.70498,temperate,26,1157,Pocillopora,bushy,4/24/2012,169.74,5/31/2013,63.79,4/12/2014,68.51,402,316
Japan,Okinawa,Yomitan3,26.43703,127.70498,temperate,27,1158,Dipsastraea,encrusting,4/24/2012,33.89,5/31/2013,28.65,4/12/2014,30.57,402,316
Japan,Okinawa,Yomitan3,26.43703,127.70498,temperate,27,1159,Dipsastraea,encrusting,4/24/2012,27.76,5/31/2013,29.79,4/12/2014,30.34,402,316
Japan,Okinawa,Yomitan3,26.43703,127.70498,temperate,27,1160,Dipsastraea,encrusting,4/24/2012,14,5/31/2013,9.35,4/12/2014,9.96,402,316
Japan,Okinawa,Yomitan3,26.43703,127.70498,temperate,27,1161,Dipsastraea,encrusting,4/24/2012,29.35,5/31/2013,36.39,4/12/2014,37.91,402,316
Japan,Okinawa,Yomitan3,26.43703,127.70498,temperate,27,1162,Dipsastraea,encrusting,4/24/2012,2.82,5/31/2013,4.22,4/12/2014,5.42,402,316
Japan,Okinawa,Yomitan3,26.43703,127.70498,temperate,27,1163,Dipsastraea,encrusting,4/24/2012,50.67,5/31/2013,0,4/12/2014,0,402,316
Japan,Okinawa,Yomitan3,26.43703,127.70498,temperate,27,1164,Favites,encrusting,4/24/2012,8.45,5/31/2013,7.99,4/12/2014,0,402,316
Japan,Okinawa,Yomitan3,26.43703,127.70498,temperate,27,1165,Dipsastraea,encrusting,4/24/2012,0,5/31/2013,43.24,4/12/2014,53.67,402,316
Japan,Okinawa,Yomitan3,26.43703,127.70498,temperate,28,1166,Pocillopora,bushy,4/24/2012,67.15,5/31/2013,106.57,4/12/2014,188.06,402,316
Japan,Okinawa,Yomitan3,26.43703,127.70498,temperate,28,1167,Porites,encrusting,4/24/2012,25.46,5/31/2013,0,4/12/2014,0,402,316
Japan,Okinawa,Yomitan3,26.43703,127.70498,temperate,28,1168,Dipsastraea,encrusting,4/24/2012,19.5,5/31/2013,0,4/12/2014,0,402,316
Japan,Okinawa,Yomitan3,26.43703,127.70498,temperate,28,1169,Porites,encrusting,4/24/2012,4.45,5/31/2013,0,4/12/2014,0,402,316
Japan,Okinawa,Yomitan3,26.43703,127.70498,temperate,28,1170,Porites,encrusting,4/24/2012,0,5/31/2013,25.96,4/12/2014,24.57,402,316
Japan,Okinawa,Yomitan3,26.43703,127.70498,temperate,29,1171,Dipsastraea,encrusting,4/24/2012,53.89,5/31/2013,0,4/12/2014,0,402,316
Japan,Okinawa,Yomitan3,26.43703,127.70498,temperate,29,1172,Pocillopora,bushy,4/24/2012,138.35,5/31/2013,0,4/12/2014,0,402,316
Japan,Okinawa,Yomitan3,26.43703,127.70498,temperate,29,1173,Acropora,corymbose,4/24/2012,5.32,5/31/2013,0,4/12/2014,0,402,316
Japan,Okinawa,Yomitan3,26.43703,127.70498,temperate,30,1174,Acropora,table,4/24/2012,8.92,5/31/2013,23.58,4/12/2014,31.09,402,316
Japan,Okinawa,Yomitan3,26.43703,127.70498,temperate,30,1175,Acropora,table,4/24/2012,5.75,5/31/2013,6.94,4/12/2014,16.13,402,316
Japan,Okinawa,Yomitan3,26.43703,127.70498,temperate,30,1176,Pocillopora,bushy,4/24/2012,11.06,5/31/2013,28.81,4/12/2014,54.88,402,316
Japan,Okinawa,Yomitan3,26.43703,127.70498,temperate,30,1177,Acropora,table,4/24/2012,1.3,5/31/2013,6.61,4/12/2014,12.03,402,316
Japan,Okinawa,Yomitan3,26.43703,127.70498,temperate,30,1178,Acropora,table,4/24/2012,11.55,5/31/2013,0,4/12/2014,0,402,316
Japan,Okinawa,Yomitan3,26.43703,127.70498,temperate,30,1179,Acropora,table,4/24/2012,9.73,5/31/2013,32.11,4/12/2014,41.07,402,316
Japan,Okinawa,Yomitan3,26.43703,127.70498,temperate,30,1180,Favites,encrusting,4/24/2012,23.66,5/31/2013,33.26,4/12/2014,36.11,402,316
Japan,Okinawa,Yomitan3,26.43703,127.70498,temperate,30,1181,Acropora,table,4/24/2012,0,5/31/2013,2.6,4/12/2014,6.3,402,316
Japan,Okinawa,Yomitan3,26.43703,127.70498,temperate,30,1182,Acropora,table,4/24/2012,0,5/31/2013,9.09,4/12/2014,19.43,402,316
Japan,Okinawa,Yomitan2,26.39496,127.71503,temperate,1,1183,Porites,encrusting,6/17/2012,33.8,5/31/2013,49.45,4/12/2014,35.86,348,316
Japan,Okinawa,Yomitan2,26.39496,127.71503,temperate,3,1184,Dipsastraea,encrusting,6/17/2012,6.16,5/31/2013,11.04,4/12/2014,9.78,348,316
Japan,Okinawa,Yomitan2,26.39496,127.71503,temperate,4,1185,Porites,encrusting,6/17/2012,4.02,5/31/2013,6.04,4/12/2014,8.68,348,316
Japan,Okinawa,Yomitan2,26.39496,127.71503,temperate,4,1186,Porites,encrusting,6/17/2012,2.04,5/31/2013,2.22,4/12/2014,2.7,348,316
Japan,Okinawa,Yomitan2,26.39496,127.71503,temperate,5,1187,Porites,encrusting,6/17/2012,12.21,5/31/2013,12.16,4/12/2014,13.37,348,316
Japan,Okinawa,Yomitan2,26.39496,127.71503,temperate,6,1188,Porites,encrusting,6/17/2012,3.16,5/31/2013,2.98,4/12/2014,3.07,348,316
Japan,Okinawa,Yomitan2,26.39496,127.71503,temperate,7,1189,Porites,encrusting,6/17/2012,3.61,5/31/2013,1.29,4/12/2014,2.45,348,316
Japan,Okinawa,Yomitan2,26.39496,127.71503,temperate,7,1190,Porites,encrusting,6/17/2012,0.48,5/31/2013,6.27,4/12/2014,9.53,348,316
Japan,Okinawa,Yomitan2,26.39496,127.71503,temperate,7,1191,Acropora,table,6/17/2012,6.03,5/31/2013,0,4/12/2014,0,348,316
Japan,Okinawa,Yomitan2,26.39496,127.71503,temperate,9,1192,Porites,encrusting,6/17/2012,4.2,5/31/2013,4.25,4/12/2014,0,348,316
Japan,Okinawa,Yomitan2,26.39496,127.71503,temperate,10,1193,Porites,encrusting,6/17/2012,13.49,5/31/2013,15.41,4/12/2014,28.57,348,316
Japan,Okinawa,Yomitan2,26.39496,127.71503,temperate,10,1194,Favites,encrusting,6/17/2012,1.58,5/31/2013,4.17,4/12/2014,8.33,348,316
Japan,Okinawa,Yomitan2,26.39496,127.71503,temperate,11,1195,Porites,encrusting,6/17/2012,6.47,5/31/2013,10.13,4/12/2014,14.56,348,316
Japan,Okinawa,Yomitan2,26.39496,127.71503,temperate,11,1196,Porites,encrusting,6/17/2012,8.57,5/31/2013,10.95,4/12/2014,18.82,348,316
Japan,Okinawa,Yomitan2,26.39496,127.71503,temperate,13,1197,Porites,encrusting,6/17/2012,16.16,5/31/2013,13.24,4/12/2014,6.32,348,316
Japan,Okinawa,Yomitan2,26.39496,127.71503,temperate,14,1198,Dipsastraea,encrusting,6/17/2012,15.62,5/31/2013,23.96,4/12/2014,33.64,348,316
Japan,Okinawa,Yomitan2,26.39496,127.71503,temperate,15,1199,Favites,encrusting,6/17/2012,0,5/31/2013,2.71,4/12/2014,6.12,348,316
Japan,Okinawa,Yomitan2,26.39496,127.71503,temperate,15,1200,Porites,encrusting,6/17/2012,0,5/31/2013,0,4/12/2014,5.85,348,316
Japan,Okinawa,Yomitan2,26.39496,127.71503,temperate,16,1201,Favites,encrusting,6/17/2012,1.86,5/31/2013,2.21,4/12/2014,0,348,316
Japan,Okinawa,Yomitan2,26.39496,127.71503,temperate,18,1202,Porites,encrusting,6/17/2012,24.23,5/31/2013,24.63,4/12/2014,28.81,348,316
Japan,Okinawa,Yomitan2,26.39496,127.71503,temperate,18,1203,Porites,encrusting,6/17/2012,13.67,5/31/2013,17.11,4/12/2014,19.13,348,316
Japan,Okinawa,Yomitan2,26.39496,127.71503,temperate,18,1204,Porites,encrusting,6/17/2012,6.95,5/31/2013,9.17,4/12/2014,9.04,348,316
Japan,Okinawa,Yomitan2,26.39496,127.71503,temperate,18,1205,Porites,encrusting,6/17/2012,18.7,5/31/2013,20.4,4/12/2014,14.31,348,316
Japan,Okinawa,Yomitan2,26.39496,127.71503,temperate,19,1206,Porites,encrusting,6/17/2012,95.64,5/31/2013,106.2,4/12/2014,99.41,348,316
Japan,Okinawa,Yomitan2,26.39496,127.71503,temperate,19,1207,Porites,encrusting,6/17/2012,168.12,5/31/2013,163.76,4/12/2014,168.49,348,316
Japan,Okinawa,Yomitan2,26.39496,127.71503,temperate,19,1208,Porites,encrusting,6/17/2012,70.58,5/31/2013,63.64,4/12/2014,56.54,348,316
Japan,Okinawa,Yomitan2,26.39496,127.71503,temperate,19,1209,Favites,encrusting,6/17/2012,20.76,5/31/2013,34.41,4/12/2014,43.65,348,316
Japan,Okinawa,Yomitan2,26.39496,127.71503,temperate,20,1210,Porites,encrusting,6/17/2012,7.48,5/31/2013,10.6,4/12/2014,14.32,348,316
Japan,Okinawa,Yomitan2,26.39496,127.71503,temperate,20,1211,Porites,encrusting,6/17/2012,7.1,5/31/2013,10.22,4/12/2014,6.76,348,316
Japan,Okinawa,Yomitan2,26.39496,127.71503,temperate,21,1212,Porites,encrusting,6/17/2012,2.23,5/31/2013,3.67,4/12/2014,4.05,348,316
Japan,Okinawa,Yomitan2,26.39496,127.71503,temperate,21,1213,Porites,encrusting,6/17/2012,17.89,5/31/2013,21.37,4/12/2014,14.11,348,316
Japan,Okinawa,Yomitan2,26.39496,127.71503,temperate,21,1214,Porites,encrusting,6/17/2012,2.24,5/31/2013,4.48,4/12/2014,7.31,348,316
Japan,Okinawa,Yomitan2,26.39496,127.71503,temperate,21,1215,Porites,encrusting,6/17/2012,5.64,5/31/2013,7.78,4/12/2014,6.86,348,316
Japan,Okinawa,Yomitan2,26.39496,127.71503,temperate,21,1216,Dipsastraea,encrusting,6/17/2012,1.08,5/31/2013,1.76,4/12/2014,3.58,348,316
Japan,Okinawa,Yomitan2,26.39496,127.71503,temperate,21,1217,Porites,encrusting,6/17/2012,7.99,5/31/2013,16.11,4/12/2014,0,348,316
Japan,Okinawa,Yomitan2,26.39496,127.71503,temperate,22,1218,Porites,encrusting,6/17/2012,5.68,5/31/2013,5.21,4/12/2014,5.83,348,316
Japan,Okinawa,Yomitan2,26.39496,127.71503,temperate,23,1219,Porites,encrusting,6/17/2012,9.98,5/31/2013,13.67,4/12/2014,15.23,348,316
Japan,Okinawa,Yomitan2,26.39496,127.71503,temperate,23,1220,Porites,encrusting,6/17/2012,3.22,5/31/2013,3.75,4/12/2014,2.05,348,316
Japan,Okinawa,Yomitan2,26.39496,127.71503,temperate,23,1221,Pocillopora,bushy,6/17/2012,5.11,5/31/2013,0,4/12/2014,0,348,316
Japan,Okinawa,Yomitan2,26.39496,127.71503,temperate,23,1222,Porites,encrusting,6/17/2012,4.92,5/31/2013,11.57,4/12/2014,9.95,348,316
Japan,Okinawa,Yomitan2,26.39496,127.71503,temperate,23,1223,Favites,encrusting,6/17/2012,6.4,5/31/2013,6.87,4/12/2014,8.5,348,316
Japan,Okinawa,Yomitan2,26.39496,127.71503,temperate,23,1224,Porites,encrusting,6/17/2012,54.28,5/31/2013,0,4/12/2014,0,348,316
Japan,Okinawa,Yomitan2,26.39496,127.71503,temperate,23,1225,Pocillopora,bushy,6/17/2012,0,5/31/2013,5.5,4/12/2014,10.33,348,316
Japan,Okinawa,Yomitan2,26.39496,127.71503,temperate,23,1226,Porites,encrusting,6/17/2012,0,5/31/2013,66.41,4/12/2014,70.94,348,316
Japan,Okinawa,Yomitan2,26.39496,127.71503,temperate,23,1227,Pocillopora,bushy,6/17/2012,0,5/31/2013,3.85,4/12/2014,6.24,348,316
Japan,Okinawa,Yomitan2,26.39496,127.71503,temperate,24,1228,Porites,encrusting,6/17/2012,57.11,5/31/2013,82.34,4/12/2014,69.88,348,316
Japan,Okinawa,Yomitan2,26.39496,127.71503,temperate,24,1229,Favites,encrusting,6/17/2012,24.9,5/31/2013,33.98,4/12/2014,35.23,348,316
Japan,Okinawa,Yomitan2,26.39496,127.71503,temperate,25,1230,Porites,encrusting,6/17/2012,8.07,5/31/2013,10.43,4/12/2014,10.52,348,316
Japan,Okinawa,Yomitan2,26.39496,127.71503,temperate,25,1231,Porites,encrusting,6/17/2012,4.64,5/31/2013,0,4/12/2014,0,348,316
Japan,Okinawa,Yomitan2,26.39496,127.71503,temperate,25,1232,Porites,encrusting,6/17/2012,2.41,5/31/2013,0,4/12/2014,0,348,316
Japan,Okinawa,Yomitan2,26.39496,127.71503,temperate,25,1233,Porites,encrusting,6/17/2012,0,5/31/2013,10.85,4/12/2014,4.42,348,316
Japan,Okinawa,Yomitan2,26.39496,127.71503,temperate,26,1234,Porites,encrusting,6/17/2012,39.01,5/31/2013,19.47,4/12/2014,16.43,348,316
Japan,Okinawa,Yomitan2,26.39496,127.71503,temperate,26,1235,Porites,encrusting,6/17/2012,2.02,5/31/2013,3.72,4/12/2014,6.45,348,316
Japan,Okinawa,Yomitan2,26.39496,127.71503,temperate,26,1236,Dipsastraea,encrusting,6/17/2012,2.54,5/31/2013,0,4/12/2014,0,348,316
Japan,Okinawa,Yomitan2,26.39496,127.71503,temperate,26,1237,Dipsastraea,encrusting,6/17/2012,1.6,5/31/2013,3.05,4/12/2014,2.7,348,316
Japan,Okinawa,Yomitan2,26.39496,127.71503,temperate,27,1238,Porites,encrusting,6/17/2012,16.38,5/31/2013,20.15,4/12/2014,27.01,348,316
Japan,Okinawa,Yomitan2,26.39496,127.71503,temperate,27,1239,Porites,encrusting,6/17/2012,56.79,5/31/2013,77.19,4/12/2014,80.15,348,316
Japan,Okinawa,Yomitan2,26.39496,127.71503,temperate,27,1240,Porites,encrusting,6/17/2012,7.9,5/31/2013,7.06,4/12/2014,0,348,316
Japan,Okinawa,Yomitan2,26.39496,127.71503,temperate,27,1241,Porites,encrusting,6/17/2012,0,5/31/2013,1.8,4/12/2014,3.47,348,316
Japan,Okinawa,Yomitan2,26.39496,127.71503,temperate,28,1242,Porites,encrusting,6/17/2012,6.32,5/31/2013,3.35,4/12/2014,1.58,348,316
Japan,Okinawa,Yomitan2,26.39496,127.71503,temperate,28,1243,Porites,encrusting,6/17/2012,8.83,5/31/2013,12.82,4/12/2014,11.1,348,316
Japan,Okinawa,Yomitan2,26.39496,127.71503,temperate,28,1244,Porites,encrusting,6/17/2012,3.36,5/31/2013,1.7,4/12/2014,0,348,316
Japan,Okinawa,Yomitan2,26.39496,127.71503,temperate,28,1245,Porites,encrusting,6/17/2012,4.53,5/31/2013,4.46,4/12/2014,4.7,348,316
Japan,Okinawa,Yomitan2,26.39496,127.71503,temperate,28,1246,Porites,encrusting,6/17/2012,7.84,5/31/2013,8.54,4/12/2014,13.02,348,316
Japan,Okinawa,Yomitan2,26.39496,127.71503,temperate,28,1247,Porites,encrusting,6/17/2012,1.38,5/31/2013,1.86,4/12/2014,1.94,348,316
Japan,Okinawa,Yomitan2,26.39496,127.71503,temperate,29,1248,Porites,encrusting,6/17/2012,17.68,5/31/2013,15.4,4/12/2014,17.3,348,316
Japan,Okinawa,Yomitan2,26.39496,127.71503,temperate,29,1249,Porites,encrusting,6/17/2012,23.59,5/31/2013,27.88,4/12/2014,26.04,348,316
Japan,Okinawa,Yomitan2,26.39496,127.71503,temperate,29,1250,Porites,encrusting,6/17/2012,14.13,5/31/2013,22.75,4/12/2014,31.76,348,316
Japan,Okinawa,Yomitan2,26.39496,127.71503,temperate,29,1251,Porites,encrusting,6/17/2012,87.92,5/31/2013,98.15,4/12/2014,113.45,348,316
Japan,Okinawa,Yomitan2,26.39496,127.71503,temperate,29,1252,Porites,encrusting,6/17/2012,6.31,5/31/2013,8.1,4/12/2014,7.22,348,316
Japan,Okinawa,Yomitan2,26.39496,127.71503,temperate,29,1253,Porites,encrusting,6/17/2012,3.04,5/31/2013,2.76,4/12/2014,2.92,348,316
Japan,Okinawa,Yomitan2,26.39496,127.71503,temperate,30,1254,Porites,encrusting,6/17/2012,1.96,5/31/2013,6.55,4/12/2014,4.48,348,316
Japan,Okinawa,Yomitan2,26.39496,127.71503,temperate,30,1255,Porites,encrusting,6/17/2012,2.14,5/31/2013,0,4/12/2014,0,348,316
Japan,Okinawa,Yomitan2,26.39496,127.71503,temperate,30,1256,Porites,encrusting,6/17/2012,8.92,5/31/2013,0,4/12/2014,0,348,316
Japan,Okinawa,Yomitan2,26.39496,127.71503,temperate,30,1257,Porites,encrusting,6/17/2012,31.85,5/31/2013,0,4/12/2014,0,348,316
Japan,Okinawa,Yomitan2,26.39496,127.71503,temperate,30,1258,Dipsastraea,encrusting,6/17/2012,0,5/31/2013,5.4,4/12/2014,4.09,348,316
